game_id,spieltag,datum,team_id,gegner_id,heim,spieler_id,name,nr,pos,gespielt,starter,g,a,pm,pim,sog,blk,gwg,shg,toi_s,pp_s,sh_s,shifts,gt,sv,min_s,entscheidung_tw,shutout,punkte
4389,1,2026-09-17,3,6,True,3533,Adam Smith,4,def,True,False,0,0,0,2,0,3,0,0,1085,13,56,26,0,0,0,,False,1.1
4389,1,2026-09-17,3,6,True,4701,Brandon Davidson,44,def,True,False,0,1,4,0,1,3,0,0,994,0,147,24,0,0,0,,False,7.2
4389,1,2026-09-17,3,6,True,1425,Eric Mik,12,def,True,True,1,0,0,0,2,2,0,0,1119,0,198,25,0,0,0,,False,4.6
4389,1,2026-09-17,3,6,True,506,Jonas Müller,18,def,True,False,0,1,1,2,0,3,0,0,1300,77,99,27,0,0,0,,False,3.1
4389,1,2026-09-17,3,6,True,1738,Korbinian Geibel,40,def,True,True,0,0,-1,0,2,2,0,0,1214,0,197,27,0,0,0,,False,0.6
4389,1,2026-09-17,3,6,True,3412,Mitchell Reinke,5,def,True,False,0,1,1,0,0,2,0,0,1144,233,0,21,0,0,0,,False,3.4
4389,1,2026-09-17,3,6,True,3523,Moritz Kretzschmar,83,def,True,False,0,0,0,0,0,0,0,0,0,0,0,0,0,0,0,,False,0.0
4389,1,2026-09-17,3,6,True,546,Andreas Eder,43,for,True,False,0,0,0,2,2,2,0,0,1058,79,122,27,0,0,0,,False,0.6
4389,1,2026-09-17,3,6,True,2126,Eric Hördler,77,for,True,False,0,0,0,0,3,3,0,0,944,0,11,23,0,0,0,,False,2.4
4389,1,2026-09-17,3,6,True,3411,Gabriel Fontaine,97,for,True,False,0,0,1,2,0,1,0,0,1185,232,125,23,0,0,0,,False,0.7
4389,1,2026-09-17,3,6,True,92,Leonhard Pföderl,93,for,True,False,0,0,-1,0,0,0,0,0,1048,240,0,20,0,0,0,,False,-1.0
4389,1,2026-09-17,3,6,True,3410,Liam Kirk,94,for,True,False,1,1,2,0,4,0,0,0,1121,229,0,23,0,0,0,,False,5.4
4389,1,2026-09-17,3,6,True,1823,Manuel Wiederer,21,for,True,True,1,0,1,0,2,0,0,0,880,0,108,23,0,0,0,,False,3.2
4389,1,2026-09-17,3,6,True,1796,Markus Vikingstad,37,for,True,True,0,0,0,0,0,0,0,0,1018,81,133,24,0,0,0,,False,0.0
4389,1,2026-09-17,3,6,True,4310,Rihards Griva,23,for,True,False,0,0,1,0,1,0,0,0,421,0,0,8,0,0,0,,False,1.1
4389,1,2026-09-17,3,6,True,4311,Tobias Krestan,91,for,True,False,0,0,0,0,2,1,0,0,516,56,0,11,0,0,0,,False,0.9
4389,1,2026-09-17,3,6,True,2209,Ty Ronning,9,for,True,False,1,2,2,0,2,0,1,0,1361,234,0,25,0,0,0,,False,7.2
4389,1,2026-09-17,3,6,True,1762,Yannick Veilleux,38,for,True,True,0,0,-1,0,0,2,0,0,936,77,109,21,0,0,0,,False,0.4
4389,1,2026-09-17,3,6,True,4312,Jack LaFontaine,45,goal,True,True,0,0,0,0,0,0,0,0,0,0,0,0,2,28,3600,S60,False,4.6
4389,1,2026-09-17,3,6,True,1069,Jonas Neffin,75,goal,False,False,0,0,0,0,0,0,0,0,0,0,0,0,0,0,0,,False,0.0
4389,1,2026-09-17,6,3,False,1663,Adrian Klein,17,def,True,True,1,0,1,4,1,2,0,0,970,13,49,23,0,0,0,,False,3.5
4389,1,2026-09-17,6,3,False,3418,Alex Green,6,def,True,True,0,0,-1,0,1,3,0,0,1093,0,157,23,0,0,0,,False,1.2
4389,1,2026-09-17,6,3,False,4315,Joseph Duszak,12,def,True,False,0,0,0,0,5,2,0,0,1136,200,0,19,0,0,0,,False,1.9
4389,1,2026-09-17,6,3,False,104,Marcel Brandt,92,def,True,False,0,0,-3,0,2,2,0,0,1463,263,149,27,0,0,0,,False,-1.4
4389,1,2026-09-17,6,3,False,1811,Mario Zimmermann,13,def,True,False,0,0,-2,0,0,2,0,0,1134,23,153,23,0,0,0,,False,-0.6
4389,1,2026-09-17,6,3,False,4314,Max Bleicher,44,def,True,False,0,0,1,0,1,0,0,0,351,0,0,10,0,0,0,,False,1.1
4389,1,2026-09-17,6,3,False,3549,Nicolas Beaudin,7,def,True,False,0,0,0,0,2,0,0,0,1291,181,114,22,0,0,0,,False,0.2
4389,1,2026-09-17,6,3,False,1901,Danjo Leonhardt,53,for,True,True,0,0,-2,2,1,0,0,0,1003,114,97,19,0,0,0,,False,-2.9
4389,1,2026-09-17,6,3,False,1540,Filip Varejcka,90,for,True,True,0,1,0,0,1,0,0,0,932,48,0,18,0,0,0,,False,1.1
4389,1,2026-09-17,6,3,False,4318,Jamieson Rees,94,for,True,False,0,0,-2,0,3,2,0,0,1010,179,69,19,0,0,0,,False,-0.3
4389,1,2026-09-17,6,3,False,2121,Jean-Christophe Beaudin,23,for,True,False,0,0,-1,0,0,0,0,0,516,0,0,10,0,0,0,,False,-1.0
4389,1,2026-09-17,6,3,False,2420,Linus Brandl,73,for,True,True,0,0,0,0,0,0,0,0,703,0,64,18,0,0,0,,False,0.0
4389,1,2026-09-17,6,3,False,3550,Nicholas Halloran,71,for,True,False,0,0,-1,0,1,0,0,0,917,123,0,18,0,0,0,,False,-0.9
4389,1,2026-09-17,6,3,False,3072,Simon Seidl,39,for,True,False,0,0,0,0,0,1,0,0,564,0,91,12,0,0,0,,False,0.7
4389,1,2026-09-17,6,3,False,2028,Skyler McKenzie,86,for,True,False,0,0,0,2,2,1,0,0,743,0,67,14,0,0,0,,False,-0.1
4389,1,2026-09-17,6,3,False,4316,Spencer Kersten,93,for,True,False,0,0,1,0,3,0,0,0,899,211,6,20,0,0,0,,False,1.3
4389,1,2026-09-17,6,3,False,59,Stefan Loibl,38,for,True,False,1,0,1,0,2,1,0,0,1048,248,71,21,0,0,0,,False,3.9
4389,1,2026-09-17,6,3,False,1476,Tim Brunnhuber,19,for,True,False,0,0,-1,0,2,0,0,0,792,0,149,21,0,0,0,,False,-0.8
4389,1,2026-09-17,6,3,False,3551,Tyler Madden,18,for,True,False,0,0,-2,0,3,1,0,0,967,137,17,18,0,0,0,,False,-1.0
4389,1,2026-09-17,6,3,False,4319,Jakub Skarek,31,goal,True,True,0,0,0,0,0,0,0,0,0,0,0,0,3,17,3557,N60,False,-2.6
4389,1,2026-09-17,6,3,False,3548,Sebastian Wieber,21,goal,False,False,0,0,0,0,0,0,0,0,0,0,0,0,0,0,0,,False,0.0
4390,1,2026-09-18,11,8,True,2113,Brady Austin,57,def,True,False,0,0,-2,0,1,1,0,0,1044,0,132,23,0,0,0,,False,-1.2
4390,1,2026-09-18,11,8,True,4243,Carlos Händel,7,def,True,False,0,0,0,0,2,2,0,0,634,0,0,12,0,0,0,,False,1.6
4390,1,2026-09-18,11,8,True,1694,Jan Luca Sennhenn,17,def,True,False,0,1,-2,2,1,0,0,0,854,0,70,21,0,0,0,,False,-1.9
4390,1,2026-09-18,11,8,True,146,Moritz Müller,91,def,True,False,0,0,-2,0,1,0,0,0,1129,0,144,23,0,0,0,,False,-1.9
4390,1,2026-09-18,11,8,True,4251,Robin Press,94,def,True,False,0,1,1,0,3,1,0,0,624,0,0,15,0,0,0,,False,3.0
4390,1,2026-09-18,11,8,True,3139,Valtteri Kemiläinen,13,def,True,True,1,0,-2,0,2,0,0,0,1338,131,6,25,0,0,0,,False,1.2
4390,1,2026-09-18,11,8,True,3434,Veli-Matti Vittasmäki,47,def,True,True,0,0,0,0,1,1,0,0,1172,0,127,23,0,0,0,,False,0.8
4390,1,2026-09-18,11,8,True,499,Daniel Fischbuch,71,for,True,False,0,0,-1,0,0,0,0,0,826,130,0,18,0,0,0,,False,-1.0
4390,1,2026-09-18,11,8,True,1644,Frederik Storm,19,for,True,False,0,1,-1,0,1,1,0,0,714,23,122,19,0,0,0,,False,0.8
4390,1,2026-09-18,11,8,True,1799,Gregor MacLeod,89,for,True,True,0,2,-2,0,2,0,0,0,1008,134,1,20,0,0,0,,False,0.2
4390,1,2026-09-18,11,8,True,3432,Juhani Tyrväinen,21,for,True,False,0,0,-2,2,0,0,0,0,1016,27,47,23,0,0,0,,False,-3.0
4390,1,2026-09-18,11,8,True,1678,Kevin Niedenz,46,for,True,False,2,0,-2,0,4,0,0,0,740,0,0,18,0,0,0,,False,2.4
4390,1,2026-09-18,11,8,True,648,Louis-Marc Aubry,15,for,True,False,0,0,-1,0,2,1,0,0,929,26,62,20,0,0,0,,False,-0.1
4390,1,2026-09-18,11,8,True,507,Marcel Noebels,92,for,True,True,1,0,-3,0,4,0,0,0,1011,157,0,21,0,0,0,,False,-0.6
4390,1,2026-09-18,11,8,True,3106,Marco Münzenberger,65,for,True,False,0,0,0,0,2,0,0,0,665,0,0,15,0,0,0,,False,0.2
4390,1,2026-09-18,11,8,True,4260,Markus Ljungh,61,for,True,False,0,1,-2,0,1,1,0,0,842,25,97,21,0,0,0,,False,-0.2
4390,1,2026-09-18,11,8,True,115,Maximilian Kammerer,9,for,True,False,0,0,-1,0,0,0,0,0,1065,25,67,23,0,0,0,,False,-1.0
4390,1,2026-09-18,11,8,True,3572,Patrick Russell,63,for,True,True,0,2,-2,0,1,0,0,0,1001,132,2,20,0,0,0,,False,0.1
4390,1,2026-09-18,11,8,True,2172,Ryan MacInnis,77,for,True,False,0,0,-1,0,3,1,0,0,900,34,78,20,0,0,0,,False,0.0
4390,1,2026-09-18,11,8,True,516,Felix Brückmann,90,goal,False,False,0,0,0,0,0,0,0,0,0,0,0,0,0,0,0,,False,0.0
4390,1,2026-09-18,11,8,True,4157,Janne Juvonen,30,goal,True,True,0,0,0,0,0,0,0,0,0,0,0,0,7,15,3533,N60,False,-11.0
4390,1,2026-09-18,11,8,True,4241,Nico Wiens,33,goal,False,False,0,0,0,0,0,0,0,0,0,0,0,0,0,0,0,,False,0.0
4390,1,2026-09-18,8,11,False,531,Fabio Pfohl,95,def,True,False,0,1,2,0,2,3,0,0,1195,73,30,23,0,0,0,,False,5.3
4390,1,2026-09-18,8,11,False,1587,Julian Melchiori,44,def,True,True,0,1,4,0,0,0,0,0,1216,3,128,27,0,0,0,,False,5.0
4390,1,2026-09-18,8,11,False,2834,Keaton Thompson,4,def,True,False,1,2,2,4,1,2,0,0,1065,0,0,25,0,0,0,,False,6.5
4390,1,2026-09-18,8,11,False,1681,Leo Hafenrichter,29,def,True,False,0,0,0,0,0,0,0,0,0,0,0,0,0,0,0,,False,0.0
4390,1,2026-09-18,8,11,False,2833,Lester Lancaster,74,def,True,True,0,0,2,0,1,0,0,0,1307,165,127,27,0,0,0,,False,2.1
4390,1,2026-09-18,8,11,False,3597,Madison Bowey,22,def,True,False,0,1,2,0,2,2,0,0,1225,0,29,22,0,0,0,,False,4.6
4390,1,2026-09-18,8,11,False,3584,Tommy Pasanen,16,def,True,False,0,0,-1,0,1,1,0,0,894,0,0,22,0,0,0,,False,-0.2
4390,1,2026-09-18,8,11,False,3476,Dustin Willhöft,19,for,True,False,0,0,0,0,1,1,0,0,671,0,0,16,0,0,0,,False,0.8
4390,1,2026-09-18,8,11,False,885,Justin Feser,71,for,True,False,0,0,0,0,0,0,0,0,1000,155,25,21,0,0,0,,False,0.0
4390,1,2026-09-18,8,11,False,1755,Luis Schinko,63,for,True,False,1,1,1,0,2,0,0,0,1086,79,0,20,0,0,0,,False,4.2
4390,1,2026-09-18,8,11,False,3554,Matt Choupani,89,for,True,False,0,0,-1,0,0,2,0,0,790,0,24,17,0,0,0,,False,0.4
4390,1,2026-09-18,8,11,False,3555,Robert Lynch,49,for,True,True,2,3,5,0,5,0,0,0,1047,140,0,22,0,0,0,,False,12.5
4390,1,2026-09-18,8,11,False,595,Ross Mauermann,28,for,True,False,0,0,0,0,0,1,0,0,889,83,0,19,0,0,0,,False,0.7
4390,1,2026-09-18,8,11,False,505,Spencer Machacek,93,for,True,True,1,2,5,0,3,0,0,0,970,161,30,23,0,0,0,,False,9.3
4390,1,2026-09-18,8,11,False,513,Sven Ziegler,52,for,True,False,0,0,-1,0,0,0,0,0,536,0,0,14,0,0,0,,False,-1.0
4390,1,2026-09-18,8,11,False,2198,Timo Ruckdäschel,91,for,True,False,0,0,-1,0,0,0,0,0,476,0,0,13,0,0,0,,False,-1.0
4390,1,2026-09-18,8,11,False,1846,Tyler Gaudet,58,for,True,True,1,2,5,0,1,1,0,0,951,93,29,22,0,0,0,,False,9.8
4390,1,2026-09-18,8,11,False,2122,Tyler Morley,86,for,True,False,1,0,0,0,2,0,1,0,1135,142,103,21,0,0,0,,False,3.2
4390,1,2026-09-18,8,11,False,3443,William Graber,82,for,True,False,1,1,1,0,2,0,0,0,1196,99,103,24,0,0,0,,False,4.2
4390,1,2026-09-18,8,11,False,416,Dustin Strahlmeier,1,goal,True,True,0,0,0,0,0,0,0,0,0,0,0,0,4,27,3600,S60,False,0.4
4390,1,2026-09-18,8,11,False,157,Hannibal Weitzmann,67,goal,False,False,0,0,0,0,0,0,0,0,0,0,0,0,0,0,0,,False,0.0
4391,1,2026-09-18,13,14,False,1868,Alec McCrea,3,def,True,True,0,0,0,0,2,2,0,0,1194,0,109,25,0,0,0,,False,1.6
4391,1,2026-09-18,13,14,False,1764,Fabrizio Pilu,68,def,True,False,0,0,0,2,1,1,0,0,780,0,0,20,0,0,0,,False,-0.2
4391,1,2026-09-18,13,14,False,3594,Kyle Mayhew,27,def,True,False,0,1,0,0,3,1,0,0,1462,104,134,27,0,0,0,,False,2.0
4391,1,2026-09-18,13,14,False,3870,Kyle Wood,37,def,True,False,0,0,0,0,1,1,0,0,1076,0,63,25,0,0,0,,False,0.8
4391,1,2026-09-18,13,14,False,3595,Liron Alec Pellizzari,60,def,True,False,0,0,0,0,0,0,0,0,0,0,0,0,0,0,0,,False,0.0
4391,1,2026-09-18,13,14,False,4321,Noel Hoefenmayer,22,def,True,True,0,0,-2,0,3,1,0,0,1464,142,4,25,0,0,0,,False,-1.0
4391,1,2026-09-18,13,14,False,268,Ryan Button,55,def,True,False,0,0,-1,0,1,0,0,0,906,7,45,22,0,0,0,,False,-0.9
4391,1,2026-09-18,13,14,False,1553,Alexander Blank,26,for,True,True,0,0,0,0,4,0,0,0,1036,104,7,22,0,0,0,,False,0.4
4391,1,2026-09-18,13,14,False,1998,Christian Hanke,25,for,True,False,0,0,-1,0,1,0,0,0,612,0,0,13,0,0,0,,False,-0.9
4391,1,2026-09-18,13,14,False,3472,Donald D.J. Busdeker,14,for,True,True,0,0,0,0,4,0,0,0,1110,104,67,24,0,0,0,,False,0.4
4391,1,2026-09-18,13,14,False,1657,Enrico Henriquez Morales,52,for,True,False,0,0,-2,2,0,1,0,0,784,62,28,18,0,0,0,,False,-2.3
4391,1,2026-09-18,13,14,False,2090,Felix Maegaard Scheel,54,for,True,False,0,0,-1,0,3,0,0,0,731,0,89,16,0,0,0,,False,-0.7
4391,1,2026-09-18,13,14,False,3530,Jimmy Lambert,23,for,True,False,1,0,0,0,1,0,0,0,1001,142,0,20,0,0,0,,False,2.1
4391,1,2026-09-18,13,14,False,4324,Luke Toporowski,77,for,True,False,0,0,-2,0,2,0,0,0,880,142,7,20,0,0,0,,False,-1.8
4391,1,2026-09-18,13,14,False,1682,Moritz Elias,46,for,True,False,0,0,-1,0,1,1,0,0,672,73,0,15,0,0,0,,False,-0.2
4391,1,2026-09-18,13,14,False,1896,Philipp Krauß,20,for,True,False,0,1,0,4,0,1,0,0,961,69,13,23,0,0,0,,False,-0.3
4391,1,2026-09-18,13,14,False,4323,Sean Malone,17,for,True,True,0,0,0,0,3,0,0,0,965,101,42,24,0,0,0,,False,0.3
4391,1,2026-09-18,13,14,False,1306,Tim Wohlgemuth,33,for,True,False,0,0,0,0,3,0,0,0,1125,142,99,22,0,0,0,,False,0.3
4391,1,2026-09-18,13,14,False,235,Trevor Parkes,84,for,True,False,0,0,-1,0,0,0,0,0,845,104,0,18,0,0,0,,False,-1.0
4391,1,2026-09-18,13,14,False,3593,Peyton Jones,41,goal,False,False,0,0,0,0,0,0,0,0,0,0,0,0,0,0,0,,False,0.0
4391,1,2026-09-18,13,14,False,1211,Tobias Ancicka,45,goal,True,True,0,0,0,0,0,0,0,0,0,0,0,0,3,21,3509,N60,False,-1.8
4391,1,2026-09-18,14,13,True,3575,Chris Jandric,77,def,True,False,0,0,0,0,3,0,0,0,1044,175,12,19,0,0,0,,False,0.3
4391,1,2026-09-18,14,13,True,4,Constantin Braun,90,def,True,False,0,0,1,0,0,4,0,0,896,0,98,18,0,0,0,,False,3.8
4391,1,2026-09-18,14,13,True,2804,Jakob Weber,41,def,True,False,0,0,0,0,1,2,0,0,799,0,12,17,0,0,0,,False,1.5
4391,1,2026-09-18,14,13,True,1666,Julius Karrer,6,def,True,False,0,0,0,0,0,1,0,0,997,2,103,23,0,0,0,,False,0.7
4391,1,2026-09-18,14,13,True,100,Marcus Weber,24,def,True,False,0,0,0,2,0,1,0,0,1037,5,41,21,0,0,0,,False,-0.3
4391,1,2026-09-18,14,13,True,3445,Owen Headrick,47,def,True,True,0,2,2,0,3,0,0,0,1308,170,97,26,0,0,0,,False,4.3
4391,1,2026-09-18,14,13,True,1072,Ryan Jones,20,def,True,True,0,1,1,0,1,0,0,0,1081,0,129,24,0,0,0,,False,2.1
4391,1,2026-09-18,14,13,True,4349,Austin Magera,19,for,True,False,0,0,0,2,4,0,0,0,932,6,0,19,0,0,0,,False,-0.6
4391,1,2026-09-18,14,13,True,2387,Evan Barratt,10,for,True,True,1,0,0,0,5,0,1,0,1162,170,0,22,0,0,0,,False,3.5
4391,1,2026-09-18,14,13,True,3578,Greg Meireles,43,for,True,False,0,0,0,0,0,0,0,0,1136,175,56,21,0,0,0,,False,0.0
4391,1,2026-09-18,14,13,True,4350,Jackson Cates,26,for,True,False,0,1,0,2,0,1,0,0,960,7,46,22,0,0,0,,False,0.7
4391,1,2026-09-18,14,13,True,1313,Jakob Ustorf,48,for,True,False,0,0,1,0,0,0,0,0,549,0,0,12,0,0,0,,False,1.0
4391,1,2026-09-18,14,13,True,2020,Josef Eham,44,for,True,False,0,0,0,0,0,0,0,0,843,0,45,16,0,0,0,,False,0.0
4391,1,2026-09-18,14,13,True,2801,Nikolaus Heigl,15,for,True,False,0,1,1,0,0,0,0,0,633,0,84,15,0,0,0,,False,2.0
4391,1,2026-09-18,14,13,True,4345,Noah Samanski,8,for,True,False,1,0,1,0,2,0,0,0,433,0,0,11,0,0,0,,False,3.2
4391,1,2026-09-18,14,13,True,3442,Samuel Dove-McFalls,75,for,True,True,1,0,1,0,1,0,0,0,1086,0,101,22,0,0,0,,False,3.1
4391,1,2026-09-18,14,13,True,1863,Thomas Heigl,49,for,True,True,1,0,2,0,3,2,0,0,910,0,96,21,0,0,0,,False,5.7
4391,1,2026-09-18,14,13,True,3577,Timo Bakos,22,for,True,False,0,0,0,0,0,0,0,0,643,0,0,14,0,0,0,,False,0.0
4391,1,2026-09-18,14,13,True,3579,Tyler Spezia,37,for,True,False,0,1,-1,2,2,1,0,0,1004,172,60,21,0,0,0,,False,-0.1
4391,1,2026-09-18,14,13,True,4347,Luis Janett,35,goal,False,False,0,0,0,0,0,0,0,0,0,0,0,0,0,0,0,,False,0.0
4391,1,2026-09-18,14,13,True,599,Niklas Treutle,31,goal,True,True,0,0,0,0,0,0,0,0,0,0,0,0,1,32,3600,S60,False,7.4
4392,1,2026-09-18,5,9,True,1987,Davis Vandane,55,def,True,True,0,1,1,0,4,0,0,0,1480,117,142,28,0,0,0,,False,2.4
4392,1,2026-09-18,5,9,True,2491,Maxwell Gildon,8,def,True,False,0,0,-1,0,2,1,0,0,1176,126,175,25,0,0,0,,False,-0.1
4392,1,2026-09-18,5,9,True,928,Mick Köhler,77,def,True,False,0,0,-1,0,0,0,0,0,966,0,170,23,0,0,0,,False,-1.0
4392,1,2026-09-18,5,9,True,88,Oliver Mebus,22,def,True,False,0,0,-2,0,0,1,0,0,921,0,162,22,0,0,0,,False,-1.3
4392,1,2026-09-18,5,9,True,4343,Stuart Percy,93,def,True,True,0,1,1,0,0,1,0,0,1349,140,156,25,0,0,0,,False,2.7
4392,1,2026-09-18,5,9,True,3931,Zack Dybowski,44,def,True,False,0,0,-2,0,0,0,0,0,1087,0,164,23,0,0,0,,False,-2.0
4392,1,2026-09-18,5,9,True,1350,Adam Payerl,90,for,True,False,0,0,-1,0,1,0,0,0,948,0,193,19,0,0,0,,False,-0.9
4392,1,2026-09-18,5,9,True,537,Alexander Weiß,43,for,True,False,0,0,0,0,1,1,0,0,706,0,100,16,0,0,0,,False,0.8
4392,1,2026-09-18,5,9,True,3600,C.J. Suess,27,for,True,False,0,0,-1,0,2,0,0,0,1082,127,162,22,0,0,0,,False,-0.8
4392,1,2026-09-18,5,9,True,1836,Daniel Bruch,26,for,True,False,0,0,-1,0,3,0,0,0,826,0,110,19,0,0,0,,False,-0.7
4392,1,2026-09-18,5,9,True,1731,Luca Hauf,85,for,True,False,0,0,0,0,2,0,0,0,460,0,0,9,0,0,0,,False,0.2
4392,1,2026-09-18,5,9,True,882,Marcel Müller,9,for,True,False,0,0,-2,2,3,1,0,0,882,129,4,19,0,0,0,,False,-2.0
4392,1,2026-09-18,5,9,True,3950,Mathew Santos,95,for,True,True,0,0,1,25,3,0,0,0,905,127,18,17,0,0,0,,False,-11.2
4392,1,2026-09-18,5,9,True,2935,Max Newton,37,for,True,True,1,0,0,0,3,0,0,0,1263,131,60,22,0,0,0,,False,2.3
4392,1,2026-09-18,5,9,True,931,Philip Gogulla,87,for,True,False,0,0,-1,2,1,0,0,0,1032,131,51,21,0,0,0,,False,-1.9
4392,1,2026-09-18,5,9,True,4498,Roope Mäkitalo,91,for,True,False,0,0,-1,0,0,0,0,0,1122,130,194,23,0,0,0,,False,-1.0
4392,1,2026-09-18,5,9,True,4140,Tanner Kero,16,for,True,True,0,0,0,0,2,0,0,0,982,128,47,19,0,0,0,,False,0.2
4392,1,2026-09-18,5,9,True,2945,Tim Schütz,38,for,True,False,0,0,0,0,0,1,0,0,398,0,52,7,0,0,0,,False,0.7
4392,1,2026-09-18,5,9,True,102,Felix Bick,31,goal,True,True,0,0,0,0,0,0,0,0,0,0,0,0,3,28,3518,N60,False,-0.4
4392,1,2026-09-18,5,9,True,2181,Julius Schulte,30,goal,False,False,0,0,0,0,0,0,0,0,0,0,0,0,0,0,0,,False,0.0
4392,1,2026-09-18,9,5,False,4149,Akito Hirose,2,def,True,False,1,0,1,0,5,0,0,0,1112,229,0,23,0,0,0,,False,4.5
4392,1,2026-09-18,9,5,False,2384,Ludwig Byström,17,def,True,True,0,0,0,0,3,2,0,0,1084,65,183,20,0,0,0,,False,1.7
4392,1,2026-09-18,9,5,False,3407,Matthew Abt,42,def,True,False,0,2,1,0,1,1,0,0,1074,208,74,18,0,0,0,,False,3.8
4392,1,2026-09-18,9,5,False,1790,Maxim Rausch,53,def,True,False,0,0,-1,0,1,0,0,0,661,11,39,15,0,0,0,,False,-0.9
4392,1,2026-09-18,9,5,False,1339,Phillip Bruggisser,72,def,True,False,0,0,1,0,4,1,0,0,1234,251,0,22,0,0,0,,False,2.1
4392,1,2026-09-18,9,5,False,2191,Rayan Bettahar,15,def,True,False,0,0,2,4,0,1,0,0,965,36,35,18,0,0,0,,False,0.7
4392,1,2026-09-18,9,5,False,1564,Vladimir Eminger,22,def,True,True,0,0,0,0,2,1,0,0,914,0,184,20,0,0,0,,False,0.9
4392,1,2026-09-18,9,5,False,4308,Alexander Broadhurst,25,for,True,False,0,0,0,0,2,0,0,0,1157,277,0,21,0,0,0,,False,0.2
4392,1,2026-09-18,9,5,False,1346,Alexander Friesen,57,for,True,False,0,0,0,2,1,2,0,0,621,61,0,18,0,0,0,,False,0.5
4392,1,2026-09-18,9,5,False,2689,Andy Miele,51,for,True,True,0,1,1,0,4,1,0,0,1204,228,69,24,0,0,0,,False,3.1
4392,1,2026-09-18,9,5,False,4171,C.J. Smith,19,for,True,True,0,1,1,0,1,0,0,0,1177,269,0,21,0,0,0,,False,2.1
4392,1,2026-09-18,9,5,False,1795,Christian Wejse,65,for,True,False,1,0,1,0,2,2,0,0,1028,170,80,19,0,0,0,,False,4.6
4392,1,2026-09-18,9,5,False,3391,Lenny Boos,37,for,True,False,0,1,0,0,0,0,0,0,440,0,0,11,0,0,0,,False,1.0
4392,1,2026-09-18,9,5,False,1585,Max Görtz,23,for,True,False,0,0,1,0,0,0,0,0,1001,263,11,17,0,0,0,,False,1.0
4392,1,2026-09-18,9,5,False,1347,Miha Verlic,91,for,True,False,1,0,1,0,2,3,1,0,1242,212,187,27,0,0,0,,False,6.3
4392,1,2026-09-18,9,5,False,143,Nicolas Krämmer,21,for,True,True,0,0,0,0,0,0,0,0,956,0,62,25,0,0,0,,False,0.0
4392,1,2026-09-18,9,5,False,1615,Parker Tuomie,6,for,True,False,0,0,0,0,1,2,0,0,1037,190,103,20,0,0,0,,False,1.5
4392,1,2026-09-18,9,5,False,1704,Roman Kechter,10,for,True,False,0,1,1,0,2,2,0,0,825,3,0,17,0,0,0,,False,3.6
4392,1,2026-09-18,9,5,False,3546,Christopher Strasen,34,goal,False,False,0,0,0,0,0,0,0,0,0,0,0,0,0,0,0,,False,0.0
4392,1,2026-09-18,9,5,False,1547,Kristers Gudlevskis,30,goal,True,True,0,0,0,0,0,0,0,0,0,0,0,0,1,26,3600,S60,False,6.2
4392,1,2026-09-18,9,5,False,1451,Leon Hungerecker,27,goal,False,False,0,0,0,0,0,0,0,0,0,0,0,0,0,0,0,,False,0.0
4393,1,2026-09-18,1,7,False,2874,Alex Breton,75,def,True,True,0,0,0,2,3,0,0,0,1325,111,126,30,0,0,0,,False,-0.7
4393,1,2026-09-18,1,7,False,4143,Dominik Zerhoch,13,def,True,False,0,0,0,0,1,0,0,0,102,0,0,4,0,0,0,,False,0.1
4393,1,2026-09-18,1,7,False,2131,Edwin Tropmann,55,def,True,False,0,1,1,0,0,0,0,0,722,0,20,19,0,0,0,,False,2.0
4393,1,2026-09-18,1,7,False,4331,Emil Kvernmo Wasenden,14,def,True,False,0,1,0,0,2,0,0,0,1210,34,143,28,0,0,0,,False,1.2
4393,1,2026-09-18,1,7,False,1750,Leon Hüttl,25,def,True,False,0,1,0,0,2,0,0,0,1364,142,167,28,0,0,0,,False,1.2
4393,1,2026-09-18,1,7,False,1328,Morgan Ellis,4,def,True,True,0,0,0,0,0,0,0,0,1342,45,180,32,0,0,0,,False,0.0
4393,1,2026-09-18,1,7,False,1580,Nicolas Appendino,21,def,True,False,0,0,1,0,1,0,0,0,786,0,82,20,0,0,0,,False,1.1
4393,1,2026-09-18,1,7,False,2881,Abbott Girduckis,17,for,True,False,0,0,-1,4,0,0,0,0,1116,145,93,23,0,0,0,,False,-3.0
4393,1,2026-09-18,1,7,False,2888,Austen Keating,89,for,True,False,2,1,2,0,2,0,1,0,933,132,124,22,0,0,0,,False,8.2
4393,1,2026-09-18,1,7,False,252,Daniel Pietta,86,for,True,False,0,0,0,2,2,2,0,0,1016,31,133,23,0,0,0,,False,0.6
4393,1,2026-09-18,1,7,False,442,Daniel Schmölz,92,for,True,True,0,0,-1,0,0,1,0,0,995,147,0,21,0,0,0,,False,-0.3
4393,1,2026-09-18,1,7,False,4330,Elias Pul,8,for,True,False,0,1,1,0,1,0,0,0,517,1,0,11,0,0,0,,False,2.1
4393,1,2026-09-18,1,7,False,3695,Jakin Smallwood,23,for,True,False,0,1,2,0,0,0,0,0,517,9,63,12,0,0,0,,False,3.0
4393,1,2026-09-18,1,7,False,2813,Kenny Agostino,11,for,True,False,0,0,-1,0,0,1,0,0,1023,114,59,22,0,0,0,,False,-0.3
4393,1,2026-09-18,1,7,False,2877,Myles Powell,9,for,True,False,0,1,0,2,1,0,0,0,1032,143,82,24,0,0,0,,False,0.1
4393,1,2026-09-18,1,7,False,2202,Nicolas Schindler,44,for,True,False,0,0,0,0,1,0,0,0,430,0,0,10,0,0,0,,False,0.1
4393,1,2026-09-18,1,7,False,3704,Peter Abbandonato,98,for,True,True,0,0,-1,0,0,0,0,0,1118,115,113,23,0,0,0,,False,-1.0
4393,1,2026-09-18,1,7,False,3576,Riley Barber,37,for,True,True,0,0,-1,0,2,0,0,0,996,138,38,24,0,0,0,,False,-0.8
4393,1,2026-09-18,1,7,False,1785,Riley Sheen,91,for,True,False,2,1,3,0,3,0,0,0,758,141,0,19,0,0,0,,False,8.3
4393,1,2026-09-18,1,7,False,2351,Devin Williams,31,goal,True,True,0,0,0,0,0,0,0,0,0,0,0,0,3,16,3600,S60,False,0.2
4393,1,2026-09-18,1,7,False,1459,Jonas Stettmer,1,goal,False,False,0,0,0,0,0,0,0,0,0,0,0,0,0,0,0,,False,0.0
4393,1,2026-09-18,7,1,True,1441,Colin Ugbekile,79,def,True,True,1,1,1,2,2,1,0,0,1166,162,0,26,0,0,0,,False,4.9
4393,1,2026-09-18,7,1,True,2213,Emil Johansson,57,def,True,False,0,0,-1,0,1,2,0,0,1399,203,154,27,0,0,0,,False,0.5
4393,1,2026-09-18,7,1,True,2470,Lua Niehus,18,def,True,False,0,0,-1,0,0,0,0,0,712,0,84,17,0,0,0,,False,-1.0
4393,1,2026-09-18,7,1,True,4277,Mac Hollowell,81,def,True,False,0,1,-1,2,0,0,0,0,1434,196,71,27,0,0,0,,False,-1.0
4393,1,2026-09-18,7,1,True,2199,Norwin Panocha,6,def,True,False,0,0,0,0,0,0,0,0,443,0,17,11,0,0,0,,False,0.0
4393,1,2026-09-18,7,1,True,1748,Peter Spornberger,50,def,True,False,0,0,-1,0,0,1,0,0,718,0,86,18,0,0,0,,False,-0.3
4393,1,2026-09-18,7,1,True,3591,Robin Norell,56,def,True,True,0,0,0,0,0,1,0,0,1103,0,168,24,0,0,0,,False,0.7
4393,1,2026-09-18,7,1,True,3531,Christian Thomas,27,for,True,True,0,0,0,0,1,1,0,0,1034,202,0,23,0,0,0,,False,0.8
4393,1,2026-09-18,7,1,True,2389,Cole Maier,14,for,True,True,0,0,0,0,1,1,0,0,989,155,1,24,0,0,0,,False,0.8
4393,1,2026-09-18,7,1,True,2193,Daniel Neumann,22,for,True,False,0,0,0,0,1,2,0,0,617,59,50,16,0,0,0,,False,1.5
4393,1,2026-09-18,7,1,True,1405,Dennis Lobach,26,for,True,False,0,0,-1,0,0,1,0,0,725,0,74,19,0,0,0,,False,-0.3
4393,1,2026-09-18,7,1,True,2019,Jakub Borzecki,29,for,True,False,0,0,0,0,0,0,0,0,0,0,0,0,0,0,0,,False,0.0
4393,1,2026-09-18,7,1,True,2816,Johannes Krauß,16,for,True,False,0,0,-2,0,0,1,0,0,778,0,78,19,0,0,0,,False,-1.3
4393,1,2026-09-18,7,1,True,2820,Julian Napravnik,75,for,True,False,0,2,1,0,3,0,0,0,1154,159,19,21,0,0,0,,False,3.3
4393,1,2026-09-18,7,1,True,2425,Justin Scott,20,for,True,False,1,0,0,2,1,1,0,0,1225,138,144,26,0,0,0,,False,1.8
4393,1,2026-09-18,7,1,True,2189,Kevin Bicker,83,for,True,False,0,0,0,0,1,0,0,0,468,0,0,13,0,0,0,,False,0.1
4393,1,2026-09-18,7,1,True,1659,Maximilian Eisenmenger,41,for,True,False,0,0,0,0,2,2,0,0,1039,161,67,22,0,0,0,,False,1.6
4393,1,2026-09-18,7,1,True,4296,Peter Quenneville,89,for,True,False,0,1,0,0,3,0,0,0,1104,193,0,20,0,0,0,,False,1.3
4393,1,2026-09-18,7,1,True,2605,Tyler Boland,10,for,True,True,1,1,1,0,3,1,0,0,1075,159,141,27,0,0,0,,False,5.0
4393,1,2026-09-18,7,1,True,83,Andreas Jenike,92,goal,True,True,0,0,0,0,0,0,0,0,0,0,0,0,4,17,3501,N60,False,-4.6
4393,1,2026-09-18,7,1,True,998,Hendrik Hane,32,goal,False,False,0,0,0,0,0,0,0,0,0,0,0,0,0,0,0,,False,0.0
4394,1,2026-09-18,12,2,True,4327,Lukas Klok,3,def,True,False,0,1,0,0,1,0,0,0,1253,0,307,26,0,0,0,,False,1.1
4394,1,2026-09-18,12,2,True,551,Maximilian Kastner,93,def,True,False,0,0,0,2,0,3,0,0,1156,3,215,28,0,0,0,,False,1.1
4394,1,2026-09-18,12,2,True,3309,Moritz Warnecke,9,def,True,False,1,0,0,0,1,1,0,0,766,0,17,18,0,0,0,,False,3.8
4394,1,2026-09-18,12,2,True,3557,Ryan Murphy,24,def,True,True,0,0,1,0,3,2,0,0,1347,182,34,29,0,0,0,,False,2.7
4394,1,2026-09-18,12,2,True,4328,Trevor Carrick,44,def,True,True,0,0,0,2,1,1,0,0,1404,177,264,33,0,0,0,,False,-0.2
4394,1,2026-09-18,12,2,True,4142,Ville Pokka,22,def,True,False,0,0,1,0,0,0,0,0,1178,3,211,30,0,0,0,,False,1.0
4394,1,2026-09-18,12,2,True,3556,Brady Ferguson,12,for,True,False,0,0,-1,0,1,1,0,0,773,0,33,17,0,0,0,,False,-0.2
4394,1,2026-09-18,12,2,True,1753,Christopher DeSousa,82,for,True,True,1,0,1,2,3,0,1,0,892,153,0,24,0,0,0,,False,3.3
4394,1,2026-09-18,12,2,True,550,Dominik Kahun,21,for,True,False,2,0,1,0,5,1,0,0,1151,199,80,26,0,0,0,,False,6.2
4394,1,2026-09-18,12,2,True,2174,Elis Hede,10,for,True,False,0,0,-1,0,2,0,0,0,552,0,0,13,0,0,0,,False,-0.8
4394,1,2026-09-18,12,2,True,3446,Jeremy McKenna,91,for,True,False,0,1,2,2,1,0,0,0,1014,203,10,22,0,0,0,,False,2.1
4394,1,2026-09-18,12,2,True,4329,Lucas Thaler,48,for,True,False,0,0,0,0,3,1,0,0,956,0,201,22,0,0,0,,False,1.0
4394,1,2026-09-18,12,2,True,1364,Markus Eisenschmid,11,for,True,True,0,1,0,0,2,0,0,0,901,181,131,25,0,0,0,,False,1.2
4394,1,2026-09-18,12,2,True,139,Patrick Hager,52,for,True,False,0,0,-1,0,1,0,0,0,874,156,204,18,0,0,0,,False,-0.9
4394,1,2026-09-18,12,2,True,3426,Taro Hirose,17,for,True,False,0,0,0,0,2,0,0,0,1043,177,0,20,0,0,0,,False,0.2
4394,1,2026-09-18,12,2,True,3275,Tobias Rieder,8,for,True,False,0,0,0,0,1,0,0,0,1016,156,207,22,0,0,0,,False,0.1
4394,1,2026-09-18,12,2,True,2117,Veit Oswald,27,for,True,True,0,0,1,0,1,0,0,0,746,0,40,20,0,0,0,,False,1.1
4394,1,2026-09-18,12,2,True,80,Yasin Ehliz,42,for,True,False,0,1,1,2,1,2,0,0,1092,202,106,27,0,0,0,,False,2.5
4394,1,2026-09-18,12,2,True,4154,Antoine Bibeau,30,goal,False,False,0,0,0,0,0,0,0,0,0,0,0,0,0,0,0,,False,0.0
4394,1,2026-09-18,12,2,True,122,Mathias Niederberger,35,goal,True,True,0,0,0,0,0,0,0,0,0,0,0,0,3,40,3900,SSO,False,4.0
4394,1,2026-09-18,2,12,False,3563,Dan Renouf,4,def,True,True,0,0,0,0,2,0,0,0,1113,0,242,27,0,0,0,,False,0.2
4394,1,2026-09-18,2,12,False,1903,Hayden Shaw,82,def,True,False,0,0,0,0,1,1,0,0,977,0,123,26,0,0,0,,False,0.8
4394,1,2026-09-18,2,12,False,2489,John Gilmour,7,def,True,False,0,0,-1,0,5,1,0,0,1197,264,5,26,0,0,0,,False,0.2
4394,1,2026-09-18,2,12,False,4333,Jérémie Poirier,54,def,True,False,1,0,0,0,3,1,0,0,1039,18,9,23,0,0,0,,False,4.0
4394,1,2026-09-18,2,12,False,1611,Leon Gawanke,9,def,True,False,0,0,0,0,6,0,0,0,1207,191,110,31,0,0,0,,False,0.6
4394,1,2026-09-18,2,12,False,2411,Nicolas Mattinen,52,def,True,True,1,0,-1,0,4,1,0,0,1557,253,227,29,0,0,0,,False,3.1
4394,1,2026-09-18,2,12,False,1525,Alexander Ehl,28,for,True,False,0,0,-1,2,2,0,0,0,796,9,43,23,0,0,0,,False,-1.8
4394,1,2026-09-18,2,12,False,3567,Anthony Greco,44,for,True,True,0,1,-1,0,4,0,0,0,1205,320,110,27,0,0,0,,False,0.4
4394,1,2026-09-18,2,12,False,554,Brooks Macek,13,for,True,False,0,1,1,0,3,0,0,0,1115,230,0,23,0,0,0,,False,2.3
4394,1,2026-09-18,2,12,False,1404,Justin Schütz,74,for,True,False,0,1,1,0,0,0,0,0,1119,184,0,25,0,0,0,,False,2.0
4394,1,2026-09-18,2,12,False,2501,Kris Bennett,21,for,True,True,0,0,-1,0,1,0,0,0,789,0,111,21,0,0,0,,False,-0.9
4394,1,2026-09-18,2,12,False,3429,Kristian Reichel,11,for,True,False,0,0,-1,4,3,1,0,0,1181,302,44,27,0,0,0,,False,-2.0
4394,1,2026-09-18,2,12,False,2798,Luke Esposito,19,for,True,False,0,0,-1,0,1,0,0,0,1133,328,101,21,0,0,0,,False,-0.9
4394,1,2026-09-18,2,12,False,1609,Marc Michaelis,65,for,True,False,0,0,0,0,1,0,0,0,545,77,0,13,0,0,0,,False,0.1
4394,1,2026-09-18,2,12,False,3562,Max Calce,39,for,True,False,1,0,0,0,5,1,0,0,930,113,26,22,0,0,0,,False,3.2
4394,1,2026-09-18,2,12,False,2125,Maximilian Heim,86,for,True,False,0,0,-1,0,0,0,0,0,529,0,3,12,0,0,0,,False,-1.0
4394,1,2026-09-18,2,12,False,4332,Patrick Brown,38,for,True,True,0,1,0,0,1,0,0,0,1158,318,165,26,0,0,0,,False,1.1
4394,1,2026-09-18,2,12,False,2504,Tom Kühnhackl,34,for,True,False,0,1,0,0,1,1,0,0,742,24,105,21,0,0,0,,False,1.8
4394,1,2026-09-18,2,12,False,1985,Jake Hildebrand,30,goal,False,False,0,0,0,0,0,0,0,0,0,0,0,0,0,0,0,,False,0.0
4394,1,2026-09-18,2,12,False,500,Maximilian Franzreb,56,goal,True,True,0,0,0,0,0,0,0,0,0,0,0,0,3,26,3900,NSO,False,0.2
4395,1,2026-09-18,15,44,True,426,Alex Trivellato,53,def,True,False,0,0,0,0,1,0,0,0,983,25,165,24,0,0,0,,False,0.1
4395,1,2026-09-18,15,44,True,4335,Alexander Peters,6,def,True,True,0,0,-2,0,2,0,0,0,1004,0,173,24,0,0,0,,False,-1.8
4395,1,2026-09-18,15,44,True,1705,Arkadiusz Dziambor,16,def,True,False,0,0,0,0,0,2,0,0,841,37,156,24,0,0,0,,False,1.4
4395,1,2026-09-18,15,44,True,3167,Bode Wilde,4,def,True,False,0,0,-1,0,3,0,0,0,997,231,23,20,0,0,0,,False,-0.7
4395,1,2026-09-18,15,44,True,3560,Eric Martinsson,46,def,True,True,0,0,-2,0,1,0,0,0,1123,368,52,25,0,0,0,,False,-1.9
4395,1,2026-09-18,15,44,True,1887,Niklas Hübner,72,def,True,False,0,0,0,0,0,0,0,0,440,4,0,12,0,0,0,,False,0.0
4395,1,2026-09-18,15,44,True,2835,Thomas Schemitsch,62,def,True,False,0,0,-1,2,3,0,0,0,1025,210,3,23,0,0,0,,False,-1.7
4395,1,2026-09-18,15,44,True,1343,William Weber,78,def,True,False,0,0,-1,0,1,1,0,0,752,0,125,20,0,0,0,,False,-0.2
4395,1,2026-09-18,15,44,True,1435,Austin Ortega,8,for,True,True,0,0,-1,0,5,0,0,0,983,400,0,20,0,0,0,,False,-0.5
4395,1,2026-09-18,15,44,True,1382,Boaz Bassen,64,for,True,True,0,0,-1,2,4,0,0,0,942,35,109,24,0,0,0,,False,-1.6
4395,1,2026-09-18,15,44,True,4337,Curtis Valk,14,for,True,True,0,0,-1,2,1,0,0,0,1039,373,63,24,0,0,0,,False,-1.9
4395,1,2026-09-18,15,44,True,1665,Eric Cornel,18,for,True,False,0,0,-1,0,1,2,0,0,907,223,44,23,0,0,0,,False,0.5
4395,1,2026-09-18,15,44,True,1684,Håkon Hänelt,19,for,True,False,0,0,-1,0,1,0,0,0,977,231,22,19,0,0,0,,False,-0.9
4395,1,2026-09-18,15,44,True,2238,Kyle Platzer,88,for,True,False,0,0,-2,0,1,0,0,0,1152,360,157,25,0,0,0,,False,-1.9
4395,1,2026-09-18,15,44,True,27,Mirko Höfflin,10,for,True,False,0,0,-1,0,1,0,0,0,846,0,159,19,0,0,0,,False,-0.9
4395,1,2026-09-18,15,44,True,1850,Philip Feist,9,for,True,False,0,0,0,0,0,0,0,0,683,0,54,16,0,0,0,,False,0.0
4395,1,2026-09-18,15,44,True,4336,Reed Lebster,23,for,True,False,0,0,-1,2,1,0,0,0,979,244,47,21,0,0,0,,False,-1.9
4395,1,2026-09-18,15,44,True,597,Sebastian Uvira,93,for,True,False,0,0,-2,0,2,0,0,0,1045,368,59,22,0,0,0,,False,-1.8
4395,1,2026-09-18,15,44,True,3323,Vadim Schreiner,13,for,True,False,0,0,-1,0,0,0,0,0,531,6,0,13,0,0,0,,False,-1.0
4395,1,2026-09-18,15,44,True,4178,Gianluca Bäuml,51,goal,False,False,0,0,0,0,0,0,0,0,0,0,0,0,0,0,0,,False,0.0
4395,1,2026-09-18,15,44,True,1594,Joacim Eriksson,60,goal,True,True,0,0,0,0,0,0,0,0,0,0,0,0,5,10,3600,N60,False,-8.0
4395,1,2026-09-18,15,44,True,3424,Simon Wolf,35,goal,False,False,0,0,0,0,0,0,0,0,0,0,0,0,0,0,0,,False,0.0
4395,1,2026-09-18,44,15,False,528,Björn Krupp,5,def,True,False,0,0,3,0,0,1,0,0,1011,0,213,26,0,0,0,,False,3.7
4395,1,2026-09-18,44,15,False,1982,Daniel Wirt,76,def,True,True,0,0,1,2,1,2,0,0,1047,4,225,26,0,0,0,,False,1.5
4395,1,2026-09-18,44,15,False,539,Konrad Abeltshauser,16,def,True,False,0,0,1,0,1,4,0,0,1159,0,388,27,0,0,0,,False,3.9
4395,1,2026-09-18,44,15,False,2916,Linus Fröberg,71,def,True,False,0,1,1,0,0,0,0,0,908,86,5,22,0,0,0,,False,2.0
4395,1,2026-09-18,44,15,False,2468,Maksim Matushkin,52,def,True,True,0,0,1,0,2,3,0,0,1197,122,381,28,0,0,0,,False,3.3
4395,1,2026-09-18,44,15,False,3582,Michael Joyaux,49,def,True,False,0,0,1,4,0,0,0,0,1192,238,34,25,0,0,0,,False,-1.0
4395,1,2026-09-18,44,15,False,2900,Philipp Bidoul,24,def,True,False,0,0,0,0,0,0,0,0,348,0,0,8,0,0,0,,False,0.0
4395,1,2026-09-18,44,15,False,4339,Anthony Romano,29,for,True,True,0,1,0,2,1,1,0,0,1163,278,215,25,0,0,0,,False,0.8
4395,1,2026-09-18,44,15,False,4340,Austin Wagner,91,for,True,False,0,0,1,0,0,1,0,0,768,81,66,20,0,0,0,,False,1.7
4395,1,2026-09-18,44,15,False,4341,Brandon Biro,10,for,True,True,0,2,1,0,2,1,0,0,1126,273,191,25,0,0,0,,False,3.9
4395,1,2026-09-18,44,15,False,1397,Daniel Pfaffengut,77,for,True,False,1,0,1,2,1,1,0,1,1055,79,225,24,0,0,0,,False,3.8
4395,1,2026-09-18,44,15,False,3430,Eric Jonathan Uba,18,for,True,False,2,0,2,0,3,0,1,1,989,226,125,20,0,0,0,,False,8.3
4395,1,2026-09-18,44,15,False,2473,Markus Schweiger,64,for,True,True,0,0,0,0,0,1,0,0,778,0,111,19,0,0,0,,False,0.7
4395,1,2026-09-18,44,15,False,3408,Matej Leden,33,for,True,False,0,0,0,2,0,0,0,0,290,0,26,6,0,0,0,,False,-1.0
4395,1,2026-09-18,44,15,False,3585,Matthew Wedman,67,for,True,False,2,0,2,0,2,1,0,0,1120,274,178,24,0,0,0,,False,6.9
4395,1,2026-09-18,44,15,False,2367,Noah Dunham,12,for,True,False,0,0,0,0,0,0,0,0,562,0,10,13,0,0,0,,False,0.0
4395,1,2026-09-18,44,15,False,1677,Robin van Calster,19,for,True,False,0,0,1,0,0,1,0,0,658,0,0,14,0,0,0,,False,1.7
4395,1,2026-09-18,44,15,False,3580,Timo Kose,22,for,True,False,0,0,0,0,1,0,0,0,629,0,3,15,0,0,0,,False,0.1
4395,1,2026-09-18,44,15,False,4148,Ty Glover,7,for,True,False,0,1,1,2,1,0,0,0,949,133,48,21,0,0,0,,False,1.1
4395,1,2026-09-18,44,15,False,4338,Adam Scheel,31,goal,True,True,0,0,0,0,0,0,0,0,0,0,0,0,0,28,3600,S60,True,13.6
4395,1,2026-09-18,44,15,False,1088,Cody Brenner,51,goal,False,False,0,0,0,0,0,0,0,0,0,0,0,0,0,0,0,,False,0.0
4395,1,2026-09-18,44,15,False,1825,Nico Pertuch,1,goal,False,False,0,0,0,0,0,0,0,0,0,0,0,0,0,0,0,,False,0.0
4396,2,2026-09-20,2,3,True,3563,Dan Renouf,4,def,True,False,0,0,1,4,1,0,0,0,1297,0,179,26,0,0,0,,False,-0.9
4396,2,2026-09-20,2,3,True,2489,John Gilmour,7,def,True,False,0,1,-2,0,0,0,0,0,932,71,86,24,0,0,0,,False,-1.0
4396,2,2026-09-20,2,3,True,4333,Jérémie Poirier,54,def,True,True,0,1,0,0,1,0,0,0,1130,0,94,24,0,0,0,,False,1.1
4396,2,2026-09-20,2,3,True,1611,Leon Gawanke,9,def,True,True,0,0,0,0,2,0,0,0,1244,117,94,24,0,0,0,,False,0.2
4396,2,2026-09-20,2,3,True,2411,Nicolas Mattinen,52,def,True,False,0,2,2,2,2,4,0,0,1689,124,134,28,0,0,0,,False,6.0
4396,2,2026-09-20,2,3,True,3428,Tobias Fohrler,5,def,True,False,0,0,-1,2,0,1,0,0,815,0,129,21,0,0,0,,False,-1.3
4396,2,2026-09-20,2,3,True,1525,Alexander Ehl,28,for,True,False,0,0,0,0,0,0,0,0,801,0,96,17,0,0,0,,False,0.0
4396,2,2026-09-20,2,3,True,3567,Anthony Greco,44,for,True,False,1,0,0,0,2,0,0,0,908,82,115,21,0,0,0,,False,2.2
4396,2,2026-09-20,2,3,True,1404,Justin Schütz,74,for,True,False,1,0,-1,0,2,1,1,0,917,113,0,18,0,0,0,,False,2.9
4396,2,2026-09-20,2,3,True,2501,Kris Bennett,21,for,True,False,0,0,1,4,2,0,0,0,918,0,56,20,0,0,0,,False,-0.8
4396,2,2026-09-20,2,3,True,3429,Kristian Reichel,11,for,True,False,0,1,0,0,2,2,0,0,1044,114,71,26,0,0,0,,False,2.6
4396,2,2026-09-20,2,3,True,1856,Lennard Nieleck,72,for,True,False,0,0,0,0,0,0,0,0,39,0,0,1,0,0,0,,False,0.0
4396,2,2026-09-20,2,3,True,2798,Luke Esposito,19,for,True,True,0,1,0,0,2,1,0,0,896,76,62,24,0,0,0,,False,1.9
4396,2,2026-09-20,2,3,True,487,Matthias Plachta,22,for,True,True,1,0,-1,0,3,1,0,0,904,81,0,18,0,0,0,,False,2.0
4396,2,2026-09-20,2,3,True,3562,Max Calce,39,for,True,False,0,1,1,0,3,0,0,0,681,0,55,14,0,0,0,,False,2.3
4396,2,2026-09-20,2,3,True,2125,Maximilian Heim,86,for,True,True,0,0,0,0,0,0,0,0,550,0,0,13,0,0,0,,False,0.0
4396,2,2026-09-20,2,3,True,4332,Patrick Brown,38,for,True,False,0,0,-2,0,1,1,0,0,1018,115,121,22,0,0,0,,False,-1.2
4396,2,2026-09-20,2,3,True,2504,Tom Kühnhackl,34,for,True,False,1,0,1,0,3,0,0,0,771,0,127,18,0,0,0,,False,3.3
4396,2,2026-09-20,2,3,True,3565,Zachary Solow,73,for,True,False,0,1,1,0,1,1,0,0,896,81,4,20,0,0,0,,False,2.8
4396,2,2026-09-20,2,3,True,1985,Jake Hildebrand,30,goal,True,True,0,0,0,0,0,0,0,0,0,0,0,0,3,23,3600,S60,False,1.6
4396,2,2026-09-20,2,3,True,500,Maximilian Franzreb,56,goal,False,False,0,0,0,0,0,0,0,0,0,0,0,0,0,0,0,,False,0.0
4396,2,2026-09-20,3,2,False,3533,Adam Smith,4,def,True,False,0,0,1,0,0,1,0,0,782,0,0,20,0,0,0,,False,1.7
4396,2,2026-09-20,3,2,False,4701,Brandon Davidson,44,def,True,False,0,0,0,2,1,1,0,0,743,0,31,18,0,0,0,,False,-0.2
4396,2,2026-09-20,3,2,False,1425,Eric Mik,12,def,True,True,0,0,-1,0,0,2,0,0,1044,0,86,28,0,0,0,,False,0.4
4396,2,2026-09-20,3,2,False,506,Jonas Müller,18,def,True,False,1,0,0,2,4,0,0,0,1406,28,111,29,0,0,0,,False,2.4
4396,2,2026-09-20,3,2,False,512,Kai Wissmann,6,def,True,False,0,0,0,0,1,0,0,0,1471,187,106,31,0,0,0,,False,0.1
4396,2,2026-09-20,3,2,False,1738,Korbinian Geibel,40,def,True,True,0,1,-1,0,0,1,0,0,558,0,62,17,0,0,0,,False,0.7
4396,2,2026-09-20,3,2,False,3412,Mitchell Reinke,5,def,True,False,0,0,0,0,1,0,0,0,789,172,0,17,0,0,0,,False,0.1
4396,2,2026-09-20,3,2,False,546,Andreas Eder,43,for,True,True,0,0,-1,0,0,0,0,0,1054,152,59,24,0,0,0,,False,-1.0
4396,2,2026-09-20,3,2,False,2126,Eric Hördler,77,for,True,True,0,1,1,0,0,0,0,0,711,0,21,15,0,0,0,,False,2.0
4396,2,2026-09-20,3,2,False,1402,Frederik Tiffels,95,for,True,False,0,0,1,0,3,0,0,0,1040,90,0,24,0,0,0,,False,1.3
4396,2,2026-09-20,3,2,False,3411,Gabriel Fontaine,97,for,True,False,0,0,-1,0,4,0,0,0,931,157,0,19,0,0,0,,False,-0.6
4396,2,2026-09-20,3,2,False,92,Leonhard Pföderl,93,for,True,True,0,0,0,0,2,0,0,0,1209,180,0,23,0,0,0,,False,0.2
4396,2,2026-09-20,3,2,False,3410,Liam Kirk,94,for,True,False,0,2,2,0,5,0,0,0,1302,209,23,27,0,0,0,,False,4.5
4396,2,2026-09-20,3,2,False,1823,Manuel Wiederer,21,for,True,False,1,0,-1,2,1,0,0,1,852,0,64,19,0,0,0,,False,1.1
4396,2,2026-09-20,3,2,False,1796,Markus Vikingstad,37,for,True,False,0,0,-1,0,0,0,0,0,856,151,105,23,0,0,0,,False,-1.0
4396,2,2026-09-20,3,2,False,4310,Rihards Griva,23,for,True,False,0,0,-1,0,0,0,0,0,387,0,0,7,0,0,0,,False,-1.0
4396,2,2026-09-20,3,2,False,4311,Tobias Krestan,91,for,True,False,0,0,-1,0,1,0,0,0,375,94,0,10,0,0,0,,False,-0.9
4396,2,2026-09-20,3,2,False,2209,Ty Ronning,9,for,True,False,1,1,2,0,1,0,0,0,1307,202,0,25,0,0,0,,False,5.1
4396,2,2026-09-20,3,2,False,1762,Yannick Veilleux,38,for,True,False,0,0,0,0,2,0,0,0,916,168,113,22,0,0,0,,False,0.2
4396,2,2026-09-20,3,2,False,4312,Jack LaFontaine,45,goal,True,True,0,0,0,0,0,0,0,0,0,0,0,0,4,23,3459,N60,False,-3.4
4396,2,2026-09-20,3,2,False,1069,Jonas Neffin,75,goal,False,False,0,0,0,0,0,0,0,0,0,0,0,0,0,0,0,,False,0.0
4397,2,2026-09-20,13,15,True,1868,Alec McCrea,3,def,True,False,1,0,1,2,4,2,0,0,1120,0,170,28,0,0,0,,False,4.8
4397,2,2026-09-20,13,15,True,1764,Fabrizio Pilu,68,def,True,False,0,1,0,0,1,0,0,0,876,26,0,23,0,0,0,,False,1.1
4397,2,2026-09-20,13,15,True,3594,Kyle Mayhew,27,def,True,True,0,2,1,0,1,1,0,0,1362,90,183,30,0,0,0,,False,3.8
4397,2,2026-09-20,13,15,True,3870,Kyle Wood,37,def,True,True,0,0,1,0,3,0,0,0,1297,0,183,29,0,0,0,,False,1.3
4397,2,2026-09-20,13,15,True,4321,Noel Hoefenmayer,22,def,True,False,0,0,2,0,8,2,0,0,1107,103,0,24,0,0,0,,False,4.2
4397,2,2026-09-20,13,15,True,268,Ryan Button,55,def,True,False,0,1,1,0,3,2,0,0,1121,26,218,29,0,0,0,,False,3.7
4397,2,2026-09-20,13,15,True,1553,Alexander Blank,26,for,True,False,0,1,1,0,3,0,0,0,886,82,57,20,0,0,0,,False,2.3
4397,2,2026-09-20,13,15,True,1998,Christian Hanke,25,for,True,False,0,0,1,0,0,0,0,0,711,26,0,18,0,0,0,,False,1.0
4397,2,2026-09-20,13,15,True,3472,Donald D.J. Busdeker,14,for,True,False,1,0,0,0,3,0,0,0,1037,85,199,23,0,0,0,,False,2.3
4397,2,2026-09-20,13,15,True,1657,Enrico Henriquez Morales,52,for,True,False,2,1,2,2,3,0,0,0,829,0,89,20,0,0,0,,False,6.3
4397,2,2026-09-20,13,15,True,2090,Felix Maegaard Scheel,54,for,True,False,0,0,1,0,1,0,0,0,884,26,124,20,0,0,0,,False,1.1
4397,2,2026-09-20,13,15,True,3530,Jimmy Lambert,23,for,True,True,0,1,0,0,2,1,0,0,899,109,0,21,0,0,0,,False,1.9
4397,2,2026-09-20,13,15,True,4324,Luke Toporowski,77,for,True,False,1,2,1,2,2,0,0,0,883,106,0,24,0,0,0,,False,4.2
4397,2,2026-09-20,13,15,True,1682,Moritz Elias,46,for,True,False,0,0,1,0,1,0,0,0,667,100,0,16,0,0,0,,False,1.1
4397,2,2026-09-20,13,15,True,1896,Philipp Krauß,20,for,True,True,1,0,0,0,4,1,0,0,931,26,86,22,0,0,0,,False,3.1
4397,2,2026-09-20,13,15,True,4323,Sean Malone,17,for,True,False,0,1,0,2,3,1,0,0,953,93,135,23,0,0,0,,False,1.0
4397,2,2026-09-20,13,15,True,1306,Tim Wohlgemuth,33,for,True,True,0,2,0,0,2,0,0,0,993,98,103,23,0,0,0,,False,2.2
4397,2,2026-09-20,13,15,True,235,Trevor Parkes,84,for,True,False,1,0,2,0,2,0,1,0,767,92,0,21,0,0,0,,False,5.2
4397,2,2026-09-20,13,15,True,3593,Peyton Jones,41,goal,True,True,0,0,0,0,0,0,0,0,0,0,0,0,3,26,3600,S60,False,2.2
4397,2,2026-09-20,13,15,True,1211,Tobias Ancicka,45,goal,False,False,0,0,0,0,0,0,0,0,0,0,0,0,0,0,0,,False,0.0
4397,2,2026-09-20,15,13,False,426,Alex Trivellato,53,def,True,False,0,1,-1,0,1,0,0,0,1003,0,132,21,0,0,0,,False,0.1
4397,2,2026-09-20,15,13,False,4335,Alexander Peters,6,def,True,False,0,0,-3,4,1,0,0,0,1213,50,0,25,0,0,0,,False,-4.9
4397,2,2026-09-20,15,13,False,1705,Arkadiusz Dziambor,16,def,True,False,0,0,-1,0,0,2,0,0,854,0,113,21,0,0,0,,False,0.4
4397,2,2026-09-20,15,13,False,3167,Bode Wilde,4,def,True,False,0,0,0,0,3,0,0,0,911,97,0,20,0,0,0,,False,0.3
4397,2,2026-09-20,15,13,False,3560,Eric Martinsson,46,def,True,False,0,2,-1,0,1,0,0,0,1174,243,0,25,0,0,0,,False,1.1
4397,2,2026-09-20,15,13,False,1887,Niklas Hübner,72,def,True,False,0,0,1,0,2,0,0,0,338,0,0,10,0,0,0,,False,1.2
4397,2,2026-09-20,15,13,False,2835,Thomas Schemitsch,62,def,True,True,0,0,1,0,1,0,0,0,910,96,104,21,0,0,0,,False,1.1
4397,2,2026-09-20,15,13,False,1343,William Weber,78,def,True,True,0,0,-1,0,1,2,0,0,790,25,85,20,0,0,0,,False,0.5
4397,2,2026-09-20,15,13,False,1435,Austin Ortega,8,for,True,False,0,0,-1,0,2,0,0,0,989,255,0,23,0,0,0,,False,-0.8
4397,2,2026-09-20,15,13,False,1382,Boaz Bassen,64,for,True,False,0,0,-1,0,0,0,0,0,1025,90,85,23,0,0,0,,False,-1.0
4397,2,2026-09-20,15,13,False,4337,Curtis Valk,14,for,True,False,0,0,-3,0,0,1,0,0,1020,234,49,24,0,0,0,,False,-2.3
4397,2,2026-09-20,15,13,False,1665,Eric Cornel,18,for,True,True,0,0,-2,0,0,1,0,0,984,151,101,23,0,0,0,,False,-1.3
4397,2,2026-09-20,15,13,False,1684,Håkon Hänelt,19,for,True,True,0,0,-2,0,2,0,0,0,931,93,0,22,0,0,0,,False,-1.8
4397,2,2026-09-20,15,13,False,2238,Kyle Platzer,88,for,True,False,0,1,1,0,6,0,0,0,1200,239,55,26,0,0,0,,False,2.6
4397,2,2026-09-20,15,13,False,27,Mirko Höfflin,10,for,True,False,1,0,1,0,2,1,0,0,882,130,75,22,0,0,0,,False,3.9
4397,2,2026-09-20,15,13,False,1850,Philip Feist,9,for,True,False,1,0,1,0,5,0,0,0,707,25,0,15,0,0,0,,False,3.5
4397,2,2026-09-20,15,13,False,4336,Reed Lebster,23,for,True,True,0,0,-3,0,0,1,0,0,1023,125,0,22,0,0,0,,False,-2.3
4397,2,2026-09-20,15,13,False,597,Sebastian Uvira,93,for,True,False,1,1,-3,0,1,0,0,0,824,171,5,21,0,0,0,,False,0.1
4397,2,2026-09-20,15,13,False,3323,Vadim Schreiner,13,for,True,False,0,1,2,0,1,1,0,0,839,25,62,17,0,0,0,,False,3.8
4397,2,2026-09-20,15,13,False,1594,Joacim Eriksson,60,goal,False,False,0,0,0,0,0,0,0,0,0,0,0,0,0,0,0,,False,0.0
4397,2,2026-09-20,15,13,False,3424,Simon Wolf,35,goal,True,True,0,0,0,0,0,0,0,0,0,0,0,0,7,39,3600,N60,False,-6.2
4398,2,2026-09-20,7,9,False,1441,Colin Ugbekile,79,def,True,True,0,0,-1,0,3,0,0,0,1170,281,142,26,0,0,0,,False,-0.7
4398,2,2026-09-20,7,9,False,2213,Emil Johansson,57,def,True,False,0,0,0,0,1,1,0,0,1338,208,350,27,0,0,0,,False,0.8
4398,2,2026-09-20,7,9,False,4277,Mac Hollowell,81,def,True,False,0,0,-1,2,0,0,0,0,1513,393,218,27,0,0,0,,False,-2.0
4398,2,2026-09-20,7,9,False,2199,Norwin Panocha,6,def,True,False,0,0,0,0,0,0,0,0,688,0,0,11,0,0,0,,False,0.0
4398,2,2026-09-20,7,9,False,1748,Peter Spornberger,50,def,True,False,0,0,0,0,1,1,0,0,972,31,124,22,0,0,0,,False,0.8
4398,2,2026-09-20,7,9,False,3591,Robin Norell,56,def,True,True,0,0,0,2,0,1,0,0,1022,18,264,27,0,0,0,,False,-0.3
4398,2,2026-09-20,7,9,False,3531,Christian Thomas,27,for,True,True,0,1,-1,0,3,0,0,0,1032,413,0,16,0,0,0,,False,0.3
4398,2,2026-09-20,7,9,False,2389,Cole Maier,14,for,True,True,1,0,-1,0,3,3,0,0,1078,312,45,23,0,0,0,,False,3.4
4398,2,2026-09-20,7,9,False,2193,Daniel Neumann,22,for,True,False,0,0,0,0,0,1,0,0,691,79,165,16,0,0,0,,False,0.7
4398,2,2026-09-20,7,9,False,1405,Dennis Lobach,26,for,True,False,0,0,0,2,0,0,0,0,766,10,111,18,0,0,0,,False,-1.0
4398,2,2026-09-20,7,9,False,2019,Jakub Borzecki,29,for,True,False,0,0,0,2,1,0,0,0,383,0,50,13,0,0,0,,False,-0.9
4398,2,2026-09-20,7,9,False,2816,Johannes Krauß,16,for,True,False,0,0,0,0,1,0,0,0,915,178,146,21,0,0,0,,False,0.1
4398,2,2026-09-20,7,9,False,2820,Julian Napravnik,75,for,True,False,0,0,-1,0,1,0,0,0,976,247,56,19,0,0,0,,False,-0.9
4398,2,2026-09-20,7,9,False,2425,Justin Scott,20,for,True,False,0,0,0,7,3,2,0,0,1049,258,190,22,0,0,0,,False,-1.8
4398,2,2026-09-20,7,9,False,2189,Kevin Bicker,83,for,True,False,0,0,0,0,0,0,0,0,471,8,51,13,0,0,0,,False,0.0
4398,2,2026-09-20,7,9,False,1659,Maximilian Eisenmenger,41,for,True,False,0,0,0,0,0,1,0,0,978,245,141,21,0,0,0,,False,0.7
4398,2,2026-09-20,7,9,False,4296,Peter Quenneville,89,for,True,False,0,1,0,0,4,0,0,0,1027,429,16,18,0,0,0,,False,1.4
4398,2,2026-09-20,7,9,False,2605,Tyler Boland,10,for,True,True,0,0,0,0,0,0,0,0,1105,228,232,28,0,0,0,,False,0.0
4398,2,2026-09-20,7,9,False,83,Andreas Jenike,92,goal,False,False,0,0,0,0,0,0,0,0,0,0,0,0,0,0,0,,False,0.0
4398,2,2026-09-20,7,9,False,998,Hendrik Hane,32,goal,True,True,0,0,0,0,0,0,0,0,0,0,0,0,2,35,3529,N60,False,3.0
4398,2,2026-09-20,9,7,True,4149,Akito Hirose,2,def,True,False,0,1,0,0,0,0,0,0,1239,355,112,25,0,0,0,,False,1.0
4398,2,2026-09-20,9,7,True,2384,Ludwig Byström,17,def,True,True,0,0,1,0,0,0,0,0,1396,152,442,29,0,0,0,,False,1.0
4398,2,2026-09-20,9,7,True,3407,Matthew Abt,42,def,True,False,0,0,0,27,1,0,0,0,696,0,56,17,0,0,0,,False,-13.4
4398,2,2026-09-20,9,7,True,1790,Maxim Rausch,53,def,True,False,0,0,0,0,4,1,0,0,507,50,165,12,0,0,0,,False,1.1
4398,2,2026-09-20,9,7,True,1339,Phillip Bruggisser,72,def,True,False,0,1,1,0,4,0,0,0,1070,187,22,23,0,0,0,,False,2.4
4398,2,2026-09-20,9,7,True,2191,Rayan Bettahar,15,def,True,False,0,0,0,4,1,0,0,0,753,26,115,20,0,0,0,,False,-1.9
4398,2,2026-09-20,9,7,True,1564,Vladimir Eminger,22,def,True,True,0,0,0,0,2,3,0,0,1072,26,413,24,0,0,0,,False,2.3
4398,2,2026-09-20,9,7,True,4308,Alexander Broadhurst,25,for,True,False,0,1,0,0,1,0,0,0,964,349,0,20,0,0,0,,False,1.1
4398,2,2026-09-20,9,7,True,1346,Alexander Friesen,57,for,True,False,0,0,0,5,1,0,0,0,598,0,16,17,0,0,0,,False,-2.4
4398,2,2026-09-20,9,7,True,2689,Andy Miele,51,for,True,True,0,0,1,0,1,0,0,0,1129,139,317,27,0,0,0,,False,1.1
4398,2,2026-09-20,9,7,True,4171,C.J. Smith,19,for,True,True,0,1,1,0,2,0,0,0,903,201,16,21,0,0,0,,False,2.2
4398,2,2026-09-20,9,7,True,1795,Christian Wejse,65,for,True,False,0,0,0,0,5,1,0,0,1074,326,93,23,0,0,0,,False,1.2
4398,2,2026-09-20,9,7,True,3391,Lenny Boos,37,for,True,False,0,0,0,0,1,0,0,0,466,0,0,10,0,0,0,,False,0.1
4398,2,2026-09-20,9,7,True,1585,Max Görtz,23,for,True,False,0,0,0,0,1,0,0,0,972,207,23,20,0,0,0,,False,0.1
4398,2,2026-09-20,9,7,True,1347,Miha Verlic,91,for,True,False,1,0,0,0,4,1,0,0,1049,304,304,26,0,0,0,,False,3.1
4398,2,2026-09-20,9,7,True,143,Nicolas Krämmer,21,for,True,True,1,0,1,0,3,0,1,0,705,3,200,20,0,0,0,,False,4.3
4398,2,2026-09-20,9,7,True,1430,Nino Kinder,8,for,True,False,0,0,0,0,1,1,0,0,891,0,354,21,0,0,0,,False,0.8
4398,2,2026-09-20,9,7,True,1615,Parker Tuomie,6,for,True,False,0,0,0,2,3,0,0,0,958,384,10,19,0,0,0,,False,-0.7
4398,2,2026-09-20,9,7,True,1704,Roman Kechter,10,for,True,False,0,0,0,2,2,0,0,0,622,41,0,15,0,0,0,,False,-0.8
4398,2,2026-09-20,9,7,True,3546,Christopher Strasen,34,goal,False,False,0,0,0,0,0,0,0,0,0,0,0,0,0,0,0,,False,0.0
4398,2,2026-09-20,9,7,True,1547,Kristers Gudlevskis,30,goal,True,True,0,0,0,0,0,0,0,0,0,0,0,0,1,20,3600,S60,False,5.0
4398,2,2026-09-20,9,7,True,1451,Leon Hungerecker,27,goal,False,False,0,0,0,0,0,0,0,0,0,0,0,0,0,0,0,,False,0.0
4399,2,2026-09-20,1,14,True,2874,Alex Breton,75,def,True,True,0,1,-1,0,4,0,0,0,1425,198,113,31,0,0,0,,False,0.4
4399,2,2026-09-20,1,14,True,4143,Dominik Zerhoch,13,def,True,False,0,0,0,0,0,0,0,0,0,0,0,0,0,0,0,,False,0.0
4399,2,2026-09-20,1,14,True,2131,Edwin Tropmann,55,def,True,False,0,0,0,2,0,0,0,0,601,0,0,17,0,0,0,,False,-1.0
4399,2,2026-09-20,1,14,True,4331,Emil Kvernmo Wasenden,14,def,True,False,0,0,-1,0,2,0,0,0,1373,72,111,28,0,0,0,,False,-0.8
4399,2,2026-09-20,1,14,True,1750,Leon Hüttl,25,def,True,False,0,1,-1,2,3,4,0,0,1325,207,95,30,0,0,0,,False,2.1
4399,2,2026-09-20,1,14,True,1328,Morgan Ellis,4,def,True,True,0,0,-1,2,2,1,0,0,1144,0,136,28,0,0,0,,False,-1.1
4399,2,2026-09-20,1,14,True,1580,Nicolas Appendino,21,def,True,False,0,0,0,0,1,0,0,0,849,0,74,23,0,0,0,,False,0.1
4399,2,2026-09-20,1,14,True,2881,Abbott Girduckis,17,for,True,False,0,0,-2,0,2,0,0,0,1140,197,93,25,0,0,0,,False,-1.8
4399,2,2026-09-20,1,14,True,2888,Austen Keating,89,for,True,False,0,0,-1,0,1,0,0,0,1024,199,78,23,0,0,0,,False,-0.9
4399,2,2026-09-20,1,14,True,252,Daniel Pietta,86,for,True,False,0,0,0,0,0,2,0,0,946,6,97,22,0,0,0,,False,1.4
4399,2,2026-09-20,1,14,True,442,Daniel Schmölz,92,for,True,True,0,0,0,4,1,0,0,0,1110,203,0,24,0,0,0,,False,-1.9
4399,2,2026-09-20,1,14,True,4330,Elias Pul,8,for,True,False,0,1,0,0,1,0,0,0,591,0,0,13,0,0,0,,False,1.1
4399,2,2026-09-20,1,14,True,2813,Kenny Agostino,11,for,True,False,1,1,1,0,4,0,0,0,1095,207,0,24,0,0,0,,False,4.4
4399,2,2026-09-20,1,14,True,2877,Myles Powell,9,for,True,False,0,0,-2,0,1,0,0,0,1302,224,109,26,0,0,0,,False,-1.9
4399,2,2026-09-20,1,14,True,2202,Nicolas Schindler,44,for,True,False,0,0,0,0,0,0,0,0,395,4,0,10,0,0,0,,False,0.0
4399,2,2026-09-20,1,14,True,3704,Peter Abbandonato,98,for,True,True,1,0,0,0,1,1,0,0,1112,176,72,26,0,0,0,,False,2.8
4399,2,2026-09-20,1,14,True,3576,Riley Barber,37,for,True,True,0,0,-1,0,7,0,0,0,1363,204,85,29,0,0,0,,False,-0.3
4399,2,2026-09-20,1,14,True,1785,Riley Sheen,91,for,True,False,0,0,-1,2,1,0,0,0,793,144,0,19,0,0,0,,False,-1.9
4399,2,2026-09-20,1,14,True,2351,Devin Williams,31,goal,False,False,0,0,0,0,0,0,0,0,0,0,0,0,0,0,0,,False,0.0
4399,2,2026-09-20,1,14,True,1459,Jonas Stettmer,1,goal,True,True,0,0,0,0,0,0,0,0,0,0,0,0,5,22,3522,N60,False,-5.6
4399,2,2026-09-20,14,1,False,3575,Chris Jandric,77,def,True,True,0,1,1,0,0,2,0,0,1009,132,0,18,0,0,0,,False,3.4
4399,2,2026-09-20,14,1,False,4,Constantin Braun,90,def,True,False,0,0,-1,0,0,0,0,0,738,0,126,18,0,0,0,,False,-1.0
4399,2,2026-09-20,14,1,False,2804,Jakob Weber,41,def,True,False,1,0,2,0,1,2,0,0,756,134,0,18,0,0,0,,False,6.5
4399,2,2026-09-20,14,1,False,1666,Julius Karrer,6,def,True,True,0,0,2,0,1,2,0,0,971,0,190,20,0,0,0,,False,3.5
4399,2,2026-09-20,14,1,False,100,Marcus Weber,24,def,True,False,0,1,1,0,1,1,0,0,970,0,223,23,0,0,0,,False,2.8
4399,2,2026-09-20,14,1,False,3445,Owen Headrick,47,def,True,False,0,0,-1,0,3,0,0,0,1378,132,174,28,0,0,0,,False,-0.7
4399,2,2026-09-20,14,1,False,1072,Ryan Jones,20,def,True,False,0,0,0,2,1,1,0,0,1178,0,105,26,0,0,0,,False,-0.2
4399,2,2026-09-20,14,1,False,4349,Austin Magera,19,for,True,False,2,0,1,2,2,0,1,0,743,134,0,19,0,0,0,,False,5.2
4399,2,2026-09-20,14,1,False,2387,Evan Barratt,10,for,True,True,1,0,1,2,3,0,0,0,996,131,0,20,0,0,0,,False,2.3
4399,2,2026-09-20,14,1,False,3578,Greg Meireles,43,for,True,False,0,1,2,0,1,1,0,0,924,131,116,23,0,0,0,,False,3.8
4399,2,2026-09-20,14,1,False,4350,Jackson Cates,26,for,True,True,1,0,0,0,4,0,0,0,1223,133,197,27,0,0,0,,False,2.4
4399,2,2026-09-20,14,1,False,1313,Jakob Ustorf,48,for,True,False,0,0,-1,0,0,0,0,0,759,0,0,17,0,0,0,,False,-1.0
4399,2,2026-09-20,14,1,False,2020,Josef Eham,44,for,True,False,0,0,-1,2,0,0,0,0,528,0,0,17,0,0,0,,False,-2.0
4399,2,2026-09-20,14,1,False,2801,Nikolaus Heigl,15,for,True,False,0,1,1,2,1,0,0,0,935,0,91,20,0,0,0,,False,1.1
4399,2,2026-09-20,14,1,False,4345,Noah Samanski,8,for,True,False,0,0,-1,2,1,1,0,0,494,0,0,16,0,0,0,,False,-1.2
4399,2,2026-09-20,14,1,False,3442,Samuel Dove-McFalls,75,for,True,True,0,1,0,2,3,1,0,0,1298,152,195,27,0,0,0,,False,1.0
4399,2,2026-09-20,14,1,False,1863,Thomas Heigl,49,for,True,False,0,2,2,0,0,0,0,0,996,135,86,23,0,0,0,,False,4.0
4399,2,2026-09-20,14,1,False,3577,Timo Bakos,22,for,True,False,0,0,0,0,1,0,0,0,507,0,0,13,0,0,0,,False,0.1
4399,2,2026-09-20,14,1,False,3579,Tyler Spezia,37,for,True,False,1,0,2,0,5,0,0,0,946,114,124,24,0,0,0,,False,4.5
4399,2,2026-09-20,14,1,False,4347,Luis Janett,35,goal,False,False,0,0,0,0,0,0,0,0,0,0,0,0,0,0,0,,False,0.0
4399,2,2026-09-20,14,1,False,599,Niklas Treutle,31,goal,True,True,0,0,0,0,0,0,0,0,0,0,0,0,2,29,3600,S60,False,4.8
4400,2,2026-09-20,5,6,False,1987,Davis Vandane,55,def,True,True,0,0,3,0,7,0,0,0,1221,89,158,29,0,0,0,,False,3.7
4400,2,2026-09-20,5,6,False,2491,Maxwell Gildon,8,def,True,False,0,0,1,0,3,1,0,0,1229,15,177,25,0,0,0,,False,2.0
4400,2,2026-09-20,5,6,False,928,Mick Köhler,77,def,True,False,0,0,0,0,2,0,0,0,1175,0,172,25,0,0,0,,False,0.2
4400,2,2026-09-20,5,6,False,88,Oliver Mebus,22,def,True,False,0,1,0,0,1,1,0,0,1018,0,166,23,0,0,0,,False,1.8
4400,2,2026-09-20,5,6,False,4343,Stuart Percy,93,def,True,True,0,2,4,0,0,0,0,0,1228,17,156,28,0,0,0,,False,6.0
4400,2,2026-09-20,5,6,False,3931,Zack Dybowski,44,def,True,False,0,0,0,0,5,2,0,0,1169,0,162,24,0,0,0,,False,1.9
4400,2,2026-09-20,5,6,False,1350,Adam Payerl,90,for,True,False,0,0,0,6,3,0,0,0,669,0,121,18,0,0,0,,False,-2.7
4400,2,2026-09-20,5,6,False,537,Alexander Weiß,43,for,True,False,0,0,-1,0,3,2,0,0,856,0,173,23,0,0,0,,False,0.7
4400,2,2026-09-20,5,6,False,3600,C.J. Suess,27,for,True,False,0,1,2,0,0,0,0,0,1167,16,227,26,0,0,0,,False,3.0
4400,2,2026-09-20,5,6,False,1836,Daniel Bruch,26,for,True,False,0,0,-1,0,2,1,0,0,882,90,55,19,0,0,0,,False,-0.1
4400,2,2026-09-20,5,6,False,1731,Luca Hauf,85,for,True,False,0,0,0,2,0,1,0,0,393,0,0,11,0,0,0,,False,-0.3
4400,2,2026-09-20,5,6,False,882,Marcel Müller,9,for,True,False,2,0,2,0,2,0,1,0,826,13,0,20,0,0,0,,False,7.2
4400,2,2026-09-20,5,6,False,3950,Mathew Santos,95,for,True,True,1,3,3,0,6,0,0,0,1049,89,0,24,0,0,0,,False,8.6
4400,2,2026-09-20,5,6,False,2935,Max Newton,37,for,True,True,1,2,3,2,6,1,0,0,1102,92,27,25,0,0,0,,False,7.3
4400,2,2026-09-20,5,6,False,931,Philip Gogulla,87,for,True,True,2,0,3,0,3,1,0,0,1047,88,0,24,0,0,0,,False,8.0
4400,2,2026-09-20,5,6,False,4498,Roope Mäkitalo,91,for,True,False,0,0,2,2,1,0,0,0,1043,15,178,27,0,0,0,,False,1.1
4400,2,2026-09-20,5,6,False,4140,Tanner Kero,16,for,True,False,0,0,-1,2,1,1,0,0,935,0,193,24,0,0,0,,False,-1.2
4400,2,2026-09-20,5,6,False,2945,Tim Schütz,38,for,True,False,0,0,0,0,0,0,0,0,269,0,0,8,0,0,0,,False,0.0
4400,2,2026-09-20,5,6,False,102,Felix Bick,31,goal,True,True,0,0,0,0,0,0,0,0,0,0,0,0,3,30,3600,S60,False,3.0
4400,2,2026-09-20,5,6,False,2181,Julius Schulte,30,goal,False,False,0,0,0,0,0,0,0,0,0,0,0,0,0,0,0,,False,0.0
4400,2,2026-09-20,6,5,True,1663,Adrian Klein,17,def,True,True,0,0,-3,2,1,3,0,0,720,0,0,18,0,0,0,,False,-1.8
4400,2,2026-09-20,6,5,True,3418,Alex Green,6,def,True,False,0,0,0,2,0,1,0,0,933,0,46,21,0,0,0,,False,-0.3
4400,2,2026-09-20,6,5,True,4315,Joseph Duszak,12,def,True,True,0,1,-4,0,4,0,0,0,1198,254,0,25,0,0,0,,False,-2.6
4400,2,2026-09-20,6,5,True,104,Marcel Brandt,92,def,True,False,0,0,0,0,4,1,0,0,1390,268,61,23,0,0,0,,False,1.1
4400,2,2026-09-20,6,5,True,1811,Mario Zimmermann,13,def,True,False,0,0,1,0,1,0,0,0,1031,0,59,20,0,0,0,,False,1.1
4400,2,2026-09-20,6,5,True,4314,Max Bleicher,44,def,True,False,0,0,0,0,0,0,0,0,357,0,0,10,0,0,0,,False,0.0
4400,2,2026-09-20,6,5,True,3549,Nicolas Beaudin,7,def,True,False,0,1,-1,2,2,0,0,0,1248,246,0,26,0,0,0,,False,-0.8
4400,2,2026-09-20,6,5,True,107,Stephan Daschner,9,def,True,False,0,0,-2,0,1,0,0,0,789,0,43,19,0,0,0,,False,-1.9
4400,2,2026-09-20,6,5,True,1901,Danjo Leonhardt,53,for,True,False,1,1,0,0,1,0,0,0,1021,209,15,21,0,0,0,,False,3.1
4400,2,2026-09-20,6,5,True,1540,Filip Varejcka,90,for,True,False,0,0,0,0,2,0,0,0,1092,223,17,21,0,0,0,,False,0.2
4400,2,2026-09-20,6,5,True,4318,Jamieson Rees,94,for,True,True,1,0,-1,0,3,0,0,0,1085,270,0,23,0,0,0,,False,1.3
4400,2,2026-09-20,6,5,True,2420,Linus Brandl,73,for,True,False,0,0,-2,0,3,0,0,0,666,0,28,17,0,0,0,,False,-1.7
4400,2,2026-09-20,6,5,True,3550,Nicholas Halloran,71,for,True,True,1,1,-1,0,3,0,0,0,1041,228,0,22,0,0,0,,False,2.3
4400,2,2026-09-20,6,5,True,3072,Simon Seidl,39,for,True,False,0,0,-1,0,0,0,0,0,618,0,0,14,0,0,0,,False,-1.0
4400,2,2026-09-20,6,5,True,2028,Skyler McKenzie,86,for,True,False,0,0,-1,0,0,2,0,0,574,0,60,13,0,0,0,,False,0.4
4400,2,2026-09-20,6,5,True,4316,Spencer Kersten,93,for,True,False,0,1,0,0,3,0,0,0,983,270,0,19,0,0,0,,False,1.3
4400,2,2026-09-20,6,5,True,59,Stefan Loibl,38,for,True,False,0,0,-2,0,1,0,0,0,971,272,60,18,0,0,0,,False,-1.9
4400,2,2026-09-20,6,5,True,1476,Tim Brunnhuber,19,for,True,False,0,0,-2,0,0,0,0,0,922,0,27,21,0,0,0,,False,-2.0
4400,2,2026-09-20,6,5,True,3551,Tyler Madden,18,for,True,True,0,1,-1,0,4,0,0,0,1053,235,0,22,0,0,0,,False,0.4
4400,2,2026-09-20,6,5,True,4319,Jakub Skarek,31,goal,True,True,0,0,0,0,0,0,0,0,0,0,0,0,6,39,3600,N60,False,-4.2
4400,2,2026-09-20,6,5,True,3548,Sebastian Wieber,21,goal,False,False,0,0,0,0,0,0,0,0,0,0,0,0,0,0,0,,False,0.0
4401,2,2026-09-20,12,8,False,4327,Lukas Klok,3,def,True,False,0,1,0,0,0,0,0,0,1188,8,82,24,0,0,0,,False,1.0
4401,2,2026-09-20,12,8,False,1168,Maximilian Daubner,70,def,True,False,0,0,0,0,1,0,0,0,682,0,0,15,0,0,0,,False,0.1
4401,2,2026-09-20,12,8,False,551,Maximilian Kastner,93,def,True,False,0,0,1,2,1,1,0,0,1193,0,0,26,0,0,0,,False,0.8
4401,2,2026-09-20,12,8,False,3309,Moritz Warnecke,9,def,True,False,0,0,-1,0,0,2,0,0,722,0,52,15,0,0,0,,False,0.4
4401,2,2026-09-20,12,8,False,3557,Ryan Murphy,24,def,True,True,0,2,-1,0,10,2,0,0,1311,123,0,28,0,0,0,,False,3.4
4401,2,2026-09-20,12,8,False,4328,Trevor Carrick,44,def,True,True,0,0,-1,2,1,2,0,0,1190,150,81,28,0,0,0,,False,-0.5
4401,2,2026-09-20,12,8,False,4142,Ville Pokka,22,def,True,False,0,0,1,0,5,0,0,0,1175,0,55,26,0,0,0,,False,1.5
4401,2,2026-09-20,12,8,False,3556,Brady Ferguson,12,for,True,True,0,0,0,0,0,0,0,0,791,5,0,18,0,0,0,,False,0.0
4401,2,2026-09-20,12,8,False,550,Dominik Kahun,21,for,True,False,1,0,0,0,4,0,0,0,1222,133,51,25,0,0,0,,False,2.4
4401,2,2026-09-20,12,8,False,2174,Elis Hede,10,for,True,False,0,0,0,0,2,0,0,0,732,101,0,17,0,0,0,,False,0.2
4401,2,2026-09-20,12,8,False,3446,Jeremy McKenna,91,for,True,False,0,0,0,2,4,0,0,0,1078,147,0,24,0,0,0,,False,-0.6
4401,2,2026-09-20,12,8,False,4329,Lucas Thaler,48,for,True,False,0,0,-1,0,3,1,0,0,999,5,49,25,0,0,0,,False,0.0
4401,2,2026-09-20,12,8,False,1364,Markus Eisenschmid,11,for,True,True,0,0,0,0,2,0,0,0,981,146,34,21,0,0,0,,False,0.2
4401,2,2026-09-20,12,8,False,139,Patrick Hager,52,for,True,False,0,0,0,0,2,1,0,0,792,104,34,17,0,0,0,,False,0.9
4401,2,2026-09-20,12,8,False,3426,Taro Hirose,17,for,True,False,0,2,-1,0,2,1,0,0,1086,101,0,23,0,0,0,,False,1.9
4401,2,2026-09-20,12,8,False,3275,Tobias Rieder,8,for,True,False,1,0,0,0,3,0,0,0,945,102,52,22,0,0,0,,False,2.3
4401,2,2026-09-20,12,8,False,2117,Veit Oswald,27,for,True,True,1,0,0,0,3,0,0,0,864,22,0,21,0,0,0,,False,2.3
4401,2,2026-09-20,12,8,False,80,Yasin Ehliz,42,for,True,False,0,1,0,0,2,0,0,0,1284,131,55,28,0,0,0,,False,1.2
4401,2,2026-09-20,12,8,False,4154,Antoine Bibeau,30,goal,True,True,0,0,0,0,0,0,0,0,0,0,0,0,4,23,3834,NOT,False,-2.4
4401,2,2026-09-20,12,8,False,122,Mathias Niederberger,35,goal,False,False,0,0,0,0,0,0,0,0,0,0,0,0,0,0,0,,False,0.0
4401,2,2026-09-20,8,12,True,1360,Janik Möser,24,def,True,False,0,1,1,2,0,1,0,0,838,0,17,20,0,0,0,,False,1.7
4401,2,2026-09-20,8,12,True,1587,Julian Melchiori,44,def,True,True,1,0,0,0,5,1,0,0,1454,0,127,31,0,0,0,,False,4.2
4401,2,2026-09-20,8,12,True,2834,Keaton Thompson,4,def,True,False,0,0,0,0,2,0,0,0,1198,0,119,29,0,0,0,,False,0.2
4401,2,2026-09-20,8,12,True,1681,Leo Hafenrichter,29,def,True,False,0,0,0,0,0,1,0,0,283,0,0,6,0,0,0,,False,0.7
4401,2,2026-09-20,8,12,True,2833,Lester Lancaster,74,def,True,True,0,0,-1,2,2,0,0,0,1467,100,62,30,0,0,0,,False,-1.8
4401,2,2026-09-20,8,12,True,3597,Madison Bowey,22,def,True,False,0,2,2,0,2,3,0,0,1140,35,76,24,0,0,0,,False,6.3
4401,2,2026-09-20,8,12,True,3584,Tommy Pasanen,16,def,True,False,0,0,-1,0,0,1,0,0,905,0,111,22,0,0,0,,False,-0.3
4401,2,2026-09-20,8,12,True,3476,Dustin Willhöft,19,for,True,False,0,0,-2,0,0,0,0,0,717,0,0,15,0,0,0,,False,-2.0
4401,2,2026-09-20,8,12,True,885,Justin Feser,71,for,True,False,0,0,-2,0,2,0,0,0,1018,107,36,22,0,0,0,,False,-1.8
4401,2,2026-09-20,8,12,True,1755,Luis Schinko,63,for,True,False,2,1,2,0,3,0,1,0,1222,33,14,26,0,0,0,,False,8.3
4401,2,2026-09-20,8,12,True,3554,Matt Choupani,89,for,True,False,0,0,0,0,2,0,0,0,389,0,5,10,0,0,0,,False,0.2
4401,2,2026-09-20,8,12,True,3555,Robert Lynch,49,for,True,True,0,0,1,0,2,3,0,0,1232,106,0,26,0,0,0,,False,3.3
4401,2,2026-09-20,8,12,True,595,Ross Mauermann,28,for,True,False,0,0,-1,0,2,0,0,0,802,33,0,17,0,0,0,,False,-0.8
4401,2,2026-09-20,8,12,True,505,Spencer Machacek,93,for,True,True,1,0,0,0,1,0,0,0,1182,104,121,27,0,0,0,,False,2.1
4401,2,2026-09-20,8,12,True,513,Sven Ziegler,52,for,True,False,0,0,0,0,1,0,0,0,202,0,0,6,0,0,0,,False,0.1
4401,2,2026-09-20,8,12,True,2198,Timo Ruckdäschel,91,for,True,False,0,0,-1,2,0,0,0,0,295,0,0,9,0,0,0,,False,-2.0
4401,2,2026-09-20,8,12,True,1846,Tyler Gaudet,58,for,True,True,0,1,1,2,1,0,0,0,1220,31,112,28,0,0,0,,False,1.1
4401,2,2026-09-20,8,12,True,2122,Tyler Morley,86,for,True,False,0,2,2,0,0,1,0,0,1257,104,115,25,0,0,0,,False,4.7
4401,2,2026-09-20,8,12,True,3443,William Graber,82,for,True,False,0,1,2,0,2,0,0,0,1269,30,102,26,0,0,0,,False,3.2
4401,2,2026-09-20,8,12,True,416,Dustin Strahlmeier,1,goal,True,True,0,0,0,0,0,0,0,0,0,0,0,0,3,42,3834,SOT,False,4.4
4401,2,2026-09-20,8,12,True,157,Hannibal Weitzmann,67,goal,False,False,0,0,0,0,0,0,0,0,0,0,0,0,0,0,0,,False,0.0
4402,2,2026-09-20,11,44,True,2113,Brady Austin,57,def,True,False,0,1,2,0,0,0,0,0,1068,0,83,22,0,0,0,,False,3.0
4402,2,2026-09-20,11,44,True,4243,Carlos Händel,7,def,True,False,0,0,1,0,0,0,0,0,656,0,0,12,0,0,0,,False,1.0
4402,2,2026-09-20,11,44,True,1694,Jan Luca Sennhenn,17,def,True,False,0,0,0,0,0,1,0,0,991,3,62,20,0,0,0,,False,0.7
4402,2,2026-09-20,11,44,True,146,Moritz Müller,91,def,True,False,0,0,0,0,1,1,0,0,956,0,63,20,0,0,0,,False,0.8
4402,2,2026-09-20,11,44,True,4251,Robin Press,94,def,True,False,0,0,2,0,2,0,0,0,954,25,0,22,0,0,0,,False,2.2
4402,2,2026-09-20,11,44,True,3139,Valtteri Kemiläinen,13,def,True,True,1,0,0,0,1,0,1,0,1377,102,0,23,0,0,0,,False,4.1
4402,2,2026-09-20,11,44,True,3434,Veli-Matti Vittasmäki,47,def,True,True,0,0,-2,0,3,0,0,0,1203,0,85,24,0,0,0,,False,-1.7
4402,2,2026-09-20,11,44,True,499,Daniel Fischbuch,71,for,True,False,1,1,2,2,1,0,0,0,888,86,0,19,0,0,0,,False,4.1
4402,2,2026-09-20,11,44,True,1799,Gregor MacLeod,89,for,True,True,0,0,-1,0,5,0,0,0,1018,82,0,23,0,0,0,,False,-0.5
4402,2,2026-09-20,11,44,True,3432,Juhani Tyrväinen,21,for,True,False,0,0,0,0,2,0,0,0,1049,27,97,24,0,0,0,,False,0.2
4402,2,2026-09-20,11,44,True,1678,Kevin Niedenz,46,for,True,False,0,1,2,0,1,0,0,0,752,0,0,20,0,0,0,,False,3.1
4402,2,2026-09-20,11,44,True,648,Louis-Marc Aubry,15,for,True,False,0,1,1,0,1,0,0,0,760,33,49,18,0,0,0,,False,2.1
4402,2,2026-09-20,11,44,True,507,Marcel Noebels,92,for,True,True,0,0,-2,0,2,0,0,0,1163,86,0,23,0,0,0,,False,-1.8
4402,2,2026-09-20,11,44,True,3106,Marco Münzenberger,65,for,True,False,0,0,0,0,0,0,0,0,609,0,0,13,0,0,0,,False,0.0
4402,2,2026-09-20,11,44,True,4260,Markus Ljungh,61,for,True,False,2,0,2,2,3,0,0,0,974,34,0,23,0,0,0,,False,5.3
4402,2,2026-09-20,11,44,True,115,Maximilian Kammerer,9,for,True,False,0,1,0,0,3,1,0,0,994,34,71,22,0,0,0,,False,2.0
4402,2,2026-09-20,11,44,True,3572,Patrick Russell,63,for,True,True,0,0,-1,0,3,0,0,0,1129,85,0,23,0,0,0,,False,-0.7
4402,2,2026-09-20,11,44,True,2172,Ryan MacInnis,77,for,True,False,0,0,0,0,4,0,0,0,843,0,73,18,0,0,0,,False,0.4
4402,2,2026-09-20,11,44,True,1491,Tim Fleischer,29,for,True,False,0,1,2,0,1,0,0,0,768,0,0,20,0,0,0,,False,3.1
4402,2,2026-09-20,11,44,True,516,Felix Brückmann,90,goal,False,False,0,0,0,0,0,0,0,0,0,0,0,0,0,0,0,,False,0.0
4402,2,2026-09-20,11,44,True,4157,Janne Juvonen,30,goal,True,True,0,0,0,0,0,0,0,0,0,0,0,0,3,20,3766,SOT,False,0.0
4402,2,2026-09-20,44,11,False,528,Björn Krupp,5,def,True,False,0,0,0,0,0,4,0,0,1071,0,48,23,0,0,0,,False,2.8
4402,2,2026-09-20,44,11,False,1982,Daniel Wirt,76,def,True,True,0,0,-1,0,0,3,0,0,905,0,50,19,0,0,0,,False,1.1
4402,2,2026-09-20,44,11,False,3581,Fabio Kose,20,def,True,False,0,0,0,0,0,0,0,0,509,0,0,9,0,0,0,,False,0.0
4402,2,2026-09-20,44,11,False,539,Konrad Abeltshauser,16,def,True,False,0,0,0,0,3,2,0,0,1304,44,70,29,0,0,0,,False,1.7
4402,2,2026-09-20,44,11,False,2916,Linus Fröberg,71,def,True,False,0,1,0,0,3,0,0,0,980,0,1,20,0,0,0,,False,1.3
4402,2,2026-09-20,44,11,False,2468,Maksim Matushkin,52,def,True,True,0,1,-1,0,1,3,0,0,1358,0,69,28,0,0,0,,False,2.2
4402,2,2026-09-20,44,11,False,3582,Michael Joyaux,49,def,True,False,0,2,-1,0,3,1,0,0,1089,104,0,26,0,0,0,,False,2.0
4402,2,2026-09-20,44,11,False,4339,Anthony Romano,29,for,True,True,1,0,0,0,2,1,0,0,1294,110,36,25,0,0,0,,False,2.9
4402,2,2026-09-20,44,11,False,4340,Austin Wagner,91,for,True,False,0,0,-2,0,6,1,0,0,1076,36,33,24,0,0,0,,False,-0.7
4402,2,2026-09-20,44,11,False,4341,Brandon Biro,10,for,True,True,0,0,-1,0,1,2,0,0,1257,102,46,26,0,0,0,,False,0.5
4402,2,2026-09-20,44,11,False,2463,Cameron Brace,86,for,True,False,0,0,-2,0,0,0,0,0,894,42,0,21,0,0,0,,False,-2.0
4402,2,2026-09-20,44,11,False,1397,Daniel Pfaffengut,77,for,True,False,0,0,-1,0,0,2,0,0,1205,36,37,25,0,0,0,,False,0.4
4402,2,2026-09-20,44,11,False,3430,Eric Jonathan Uba,18,for,True,False,2,0,0,0,2,0,0,0,503,0,0,12,0,0,0,,False,4.2
4402,2,2026-09-20,44,11,False,2473,Markus Schweiger,64,for,True,True,0,0,0,0,0,0,0,0,976,36,49,21,0,0,0,,False,0.0
4402,2,2026-09-20,44,11,False,3408,Matej Leden,33,for,True,False,0,0,1,0,0,0,0,0,470,0,0,12,0,0,0,,False,1.0
4402,2,2026-09-20,44,11,False,3585,Matthew Wedman,67,for,True,False,0,1,1,0,1,2,0,0,1083,110,36,23,0,0,0,,False,3.5
4402,2,2026-09-20,44,11,False,2367,Noah Dunham,12,for,True,False,0,0,0,2,1,0,0,0,592,0,0,14,0,0,0,,False,-0.9
4402,2,2026-09-20,44,11,False,1677,Robin van Calster,19,for,True,False,0,0,0,0,0,1,0,0,655,0,0,13,0,0,0,,False,0.7
4402,2,2026-09-20,44,11,False,3580,Timo Kose,22,for,True,False,0,0,-1,0,0,0,0,0,838,0,0,18,0,0,0,,False,-1.0
4402,2,2026-09-20,44,11,False,4338,Adam Scheel,31,goal,True,True,0,0,0,0,0,0,0,0,0,0,0,0,4,29,3665,NOT,False,-1.2
4402,2,2026-09-20,44,11,False,1088,Cody Brenner,51,goal,False,False,0,0,0,0,0,0,0,0,0,0,0,0,0,0,0,,False,0.0
4402,2,2026-09-20,44,11,False,1825,Nico Pertuch,1,goal,False,False,0,0,0,0,0,0,0,0,0,0,0,0,0,0,0,,False,0.0
4403,31,2026-09-22,14,2,True,3575,Chris Jandric,77,def,True,False,0,1,1,0,2,0,0,0,1060,253,0,19,0,0,0,,False,2.2
4403,31,2026-09-22,14,2,True,4,Constantin Braun,90,def,True,False,0,0,0,0,0,0,0,0,693,0,39,16,0,0,0,,False,0.0
4403,31,2026-09-22,14,2,True,2804,Jakob Weber,41,def,True,False,0,1,0,0,2,2,0,0,951,253,12,18,0,0,0,,False,2.6
4403,31,2026-09-22,14,2,True,1666,Julius Karrer,6,def,True,False,0,1,-1,2,0,0,0,0,957,5,64,22,0,0,0,,False,-1.0
4403,31,2026-09-22,14,2,True,100,Marcus Weber,24,def,True,False,0,0,-1,0,0,1,0,0,669,0,73,15,0,0,0,,False,-0.3
4403,31,2026-09-22,14,2,True,3445,Owen Headrick,47,def,True,True,0,0,2,0,3,1,0,0,1371,287,57,25,0,0,0,,False,3.0
4403,31,2026-09-22,14,2,True,1072,Ryan Jones,20,def,True,True,0,1,1,2,0,3,0,0,1244,0,6,22,0,0,0,,False,3.1
4403,31,2026-09-22,14,2,True,4349,Austin Magera,19,for,True,False,1,2,1,0,3,0,0,0,1080,212,0,23,0,0,0,,False,5.3
4403,31,2026-09-22,14,2,True,2387,Evan Barratt,10,for,True,True,0,1,0,0,2,0,0,0,1121,291,3,21,0,0,0,,False,1.2
4403,31,2026-09-22,14,2,True,3578,Greg Meireles,43,for,True,False,0,1,2,0,0,0,0,0,1182,285,61,24,0,0,0,,False,3.0
4403,31,2026-09-22,14,2,True,4350,Jackson Cates,26,for,True,True,0,0,0,0,0,0,0,0,1029,212,29,24,0,0,0,,False,0.0
4403,31,2026-09-22,14,2,True,1313,Jakob Ustorf,48,for,True,False,0,0,0,0,1,0,0,0,587,0,0,13,0,0,0,,False,0.1
4403,31,2026-09-22,14,2,True,2020,Josef Eham,44,for,True,False,0,0,-1,0,0,1,0,0,540,2,0,13,0,0,0,,False,-0.3
4403,31,2026-09-22,14,2,True,2801,Nikolaus Heigl,15,for,True,False,0,0,0,0,0,0,0,0,626,0,23,15,0,0,0,,False,0.0
4403,31,2026-09-22,14,2,True,4345,Noah Samanski,8,for,True,False,0,0,-1,0,0,0,0,0,578,9,0,13,0,0,0,,False,-1.0
4403,31,2026-09-22,14,2,True,3442,Samuel Dove-McFalls,75,for,True,True,1,0,0,2,1,0,0,0,1120,222,35,25,0,0,0,,False,1.1
4403,31,2026-09-22,14,2,True,1863,Thomas Heigl,49,for,True,False,1,0,0,0,3,0,0,0,909,210,72,20,0,0,0,,False,2.3
4403,31,2026-09-22,14,2,True,3577,Timo Bakos,22,for,True,False,0,0,-1,0,0,0,0,0,626,5,0,14,0,0,0,,False,-1.0
4403,31,2026-09-22,14,2,True,3579,Tyler Spezia,37,for,True,False,2,0,2,0,5,2,1,0,1229,279,29,23,0,0,0,,False,8.9
4403,31,2026-09-22,14,2,True,4347,Luis Janett,35,goal,False,False,0,0,0,0,0,0,0,0,0,0,0,0,0,0,0,,False,0.0
4403,31,2026-09-22,14,2,True,599,Niklas Treutle,31,goal,True,True,0,0,0,0,0,0,0,0,0,0,0,0,3,24,3600,S60,False,1.8
4403,31,2026-09-22,2,14,False,3563,Dan Renouf,4,def,True,False,0,1,0,2,3,0,0,0,1205,0,192,26,0,0,0,,False,0.3
4403,31,2026-09-22,2,14,False,1903,Hayden Shaw,82,def,True,False,0,0,-1,0,2,0,0,0,969,0,107,22,0,0,0,,False,-0.8
4403,31,2026-09-22,2,14,False,2489,John Gilmour,7,def,True,False,0,0,-2,0,3,2,0,0,1142,39,64,27,0,0,0,,False,-0.3
4403,31,2026-09-22,2,14,False,4333,Jérémie Poirier,54,def,True,True,0,1,1,0,1,0,0,0,1081,0,206,23,0,0,0,,False,2.1
4403,31,2026-09-22,2,14,False,1611,Leon Gawanke,9,def,True,True,0,0,0,0,3,2,0,0,1137,81,193,28,0,0,0,,False,1.7
4403,31,2026-09-22,2,14,False,2411,Nicolas Mattinen,52,def,True,False,0,0,1,0,3,1,0,0,1464,87,252,30,0,0,0,,False,2.0
4403,31,2026-09-22,2,14,False,1525,Alexander Ehl,28,for,True,False,1,1,3,0,2,0,0,0,614,0,166,17,0,0,0,,False,6.2
4403,31,2026-09-22,2,14,False,3567,Anthony Greco,44,for,True,True,0,0,-4,0,2,0,0,0,972,58,171,24,0,0,0,,False,-3.8
4403,31,2026-09-22,2,14,False,554,Brooks Macek,13,for,True,False,0,0,0,0,0,0,0,0,1002,69,0,21,0,0,0,,False,0.0
4403,31,2026-09-22,2,14,False,1404,Justin Schütz,74,for,True,False,0,0,0,0,1,0,0,0,1117,68,10,21,0,0,0,,False,0.1
4403,31,2026-09-22,2,14,False,2501,Kris Bennett,21,for,True,True,0,0,-3,4,1,0,0,0,858,6,138,21,0,0,0,,False,-4.9
4403,31,2026-09-22,2,14,False,1856,Lennard Nieleck,72,for,True,False,0,0,0,0,0,0,0,0,231,0,0,6,0,0,0,,False,0.0
4403,31,2026-09-22,2,14,False,2798,Luke Esposito,19,for,True,False,0,0,-1,2,0,1,0,0,947,44,143,24,0,0,0,,False,-1.3
4403,31,2026-09-22,2,14,False,487,Matthias Plachta,22,for,True,False,0,0,-2,4,1,0,0,0,926,57,0,22,0,0,0,,False,-3.9
4403,31,2026-09-22,2,14,False,3562,Max Calce,39,for,True,False,2,0,3,0,3,0,0,0,624,0,53,17,0,0,0,,False,7.3
4403,31,2026-09-22,2,14,False,2125,Maximilian Heim,86,for,True,False,0,0,0,0,0,0,0,0,484,0,35,11,0,0,0,,False,0.0
4403,31,2026-09-22,2,14,False,4332,Patrick Brown,38,for,True,False,0,0,0,2,2,0,0,0,1146,79,127,25,0,0,0,,False,-0.8
4403,31,2026-09-22,2,14,False,2504,Tom Kühnhackl,34,for,True,False,0,0,3,0,0,0,0,0,587,0,159,17,0,0,0,,False,3.0
4403,31,2026-09-22,2,14,False,3565,Zachary Solow,73,for,True,True,0,0,-3,0,0,0,0,0,820,47,0,20,0,0,0,,False,-3.0
4403,31,2026-09-22,2,14,False,1985,Jake Hildebrand,30,goal,True,True,0,0,0,0,0,0,0,0,0,0,0,0,4,17,3442,N60,False,-4.6
4403,31,2026-09-22,2,14,False,500,Maximilian Franzreb,56,goal,False,False,0,0,0,0,0,0,0,0,0,0,0,0,0,0,0,,False,0.0
4404,3,2026-09-24,13,7,False,1868,Alec McCrea,3,def,True,False,1,0,0,0,1,2,0,0,1351,0,123,29,0,0,0,,False,4.5
4404,3,2026-09-24,13,7,False,1764,Fabrizio Pilu,68,def,True,False,0,1,1,0,2,0,0,0,861,0,0,18,0,0,0,,False,2.2
4404,3,2026-09-24,13,7,False,3594,Kyle Mayhew,27,def,True,True,1,1,0,0,0,0,1,0,1517,53,116,29,0,0,0,,False,5.0
4404,3,2026-09-24,13,7,False,3870,Kyle Wood,37,def,True,True,0,0,-1,0,3,0,0,0,1330,0,117,27,0,0,0,,False,-0.7
4404,3,2026-09-24,13,7,False,4321,Noel Hoefenmayer,22,def,True,False,0,0,-1,0,3,3,0,0,1314,66,0,26,0,0,0,,False,1.4
4404,3,2026-09-24,13,7,False,268,Ryan Button,55,def,True,False,0,1,1,0,1,1,0,0,943,0,120,23,0,0,0,,False,2.8
4404,3,2026-09-24,13,7,False,1553,Alexander Blank,26,for,True,False,0,0,1,0,1,0,0,0,1239,53,0,25,0,0,0,,False,1.1
4404,3,2026-09-24,13,7,False,1998,Christian Hanke,25,for,True,False,0,0,-1,0,1,1,0,0,470,0,0,12,0,0,0,,False,-0.2
4404,3,2026-09-24,13,7,False,3472,Donald D.J. Busdeker,14,for,True,False,0,1,1,0,2,0,0,0,1291,53,105,27,0,0,0,,False,2.2
4404,3,2026-09-24,13,7,False,1657,Enrico Henriquez Morales,52,for,True,False,1,0,0,2,1,0,0,0,930,0,41,23,0,0,0,,False,1.1
4404,3,2026-09-24,13,7,False,2090,Felix Maegaard Scheel,54,for,True,False,0,0,-1,0,0,0,0,0,510,0,41,12,0,0,0,,False,-1.0
4404,3,2026-09-24,13,7,False,3530,Jimmy Lambert,23,for,True,True,0,0,0,0,1,0,0,0,1050,66,0,23,0,0,0,,False,0.1
4404,3,2026-09-24,13,7,False,4324,Luke Toporowski,77,for,True,False,0,0,0,0,5,0,0,0,984,66,0,24,0,0,0,,False,0.5
4404,3,2026-09-24,13,7,False,1682,Moritz Elias,46,for,True,False,0,0,-1,0,0,0,0,0,507,66,0,12,0,0,0,,False,-1.0
4404,3,2026-09-24,13,7,False,1896,Philipp Krauß,20,for,True,True,0,0,0,0,0,1,0,0,962,0,93,22,0,0,0,,False,0.7
4404,3,2026-09-24,13,7,False,4323,Sean Malone,17,for,True,False,0,0,1,0,1,2,0,0,1274,53,102,27,0,0,0,,False,2.5
4404,3,2026-09-24,13,7,False,1306,Tim Wohlgemuth,33,for,True,True,0,0,0,0,0,0,0,0,1108,66,92,24,0,0,0,,False,0.0
4404,3,2026-09-24,13,7,False,235,Trevor Parkes,84,for,True,False,0,0,0,0,1,0,0,0,795,53,0,21,0,0,0,,False,0.1
4404,3,2026-09-24,13,7,False,3593,Peyton Jones,41,goal,True,True,0,0,0,2,0,0,0,0,0,0,0,0,2,29,3900,SSO,False,2.8
4404,3,2026-09-24,13,7,False,1211,Tobias Ancicka,45,goal,False,False,0,0,0,0,0,0,0,0,0,0,0,0,0,0,0,,False,0.0
4404,3,2026-09-24,7,13,True,1441,Colin Ugbekile,79,def,True,True,0,0,0,0,0,1,0,0,1343,102,0,29,0,0,0,,False,0.7
4404,3,2026-09-24,7,13,True,2213,Emil Johansson,57,def,True,False,0,0,-1,0,3,0,0,0,1241,0,86,25,0,0,0,,False,-0.7
4404,3,2026-09-24,7,13,True,2470,Lua Niehus,18,def,True,False,0,0,0,0,1,0,0,0,735,0,35,15,0,0,0,,False,0.1
4404,3,2026-09-24,7,13,True,4277,Mac Hollowell,81,def,True,False,0,0,-1,0,4,1,0,0,1474,135,0,31,0,0,0,,False,0.1
4404,3,2026-09-24,7,13,True,2199,Norwin Panocha,6,def,True,False,0,0,1,0,1,0,0,0,414,0,0,11,0,0,0,,False,1.1
4404,3,2026-09-24,7,13,True,1748,Peter Spornberger,50,def,True,False,0,0,1,0,2,0,0,0,905,0,34,20,0,0,0,,False,1.2
4404,3,2026-09-24,7,13,True,3591,Robin Norell,56,def,True,True,0,0,0,0,2,2,0,0,1043,0,85,28,0,0,0,,False,1.6
4404,3,2026-09-24,7,13,True,3531,Christian Thomas,27,for,True,True,0,0,0,0,1,0,0,0,1236,133,0,27,0,0,0,,False,0.1
4404,3,2026-09-24,7,13,True,2389,Cole Maier,14,for,True,True,0,0,0,0,1,2,0,0,1095,103,0,25,0,0,0,,False,1.5
4404,3,2026-09-24,7,13,True,2193,Daniel Neumann,22,for,True,False,0,0,0,0,2,0,0,0,593,4,40,16,0,0,0,,False,0.2
4404,3,2026-09-24,7,13,True,1405,Dennis Lobach,26,for,True,False,0,0,0,0,3,0,0,0,733,0,25,19,0,0,0,,False,0.3
4404,3,2026-09-24,7,13,True,2019,Jakub Borzecki,29,for,True,False,0,0,0,0,0,0,0,0,510,0,0,14,0,0,0,,False,0.0
4404,3,2026-09-24,7,13,True,2816,Johannes Krauß,16,for,True,False,0,1,0,0,1,0,0,0,1020,134,25,24,0,0,0,,False,1.1
4404,3,2026-09-24,7,13,True,2820,Julian Napravnik,75,for,True,False,0,1,0,0,2,1,0,0,1127,102,0,24,0,0,0,,False,1.9
4404,3,2026-09-24,7,13,True,2425,Justin Scott,20,for,True,False,1,1,0,0,1,3,0,0,1148,135,53,25,0,0,0,,False,5.2
4404,3,2026-09-24,7,13,True,2189,Kevin Bicker,83,for,True,False,0,0,0,0,1,0,0,0,536,0,0,13,0,0,0,,False,0.1
4404,3,2026-09-24,7,13,True,1659,Maximilian Eisenmenger,41,for,True,False,1,0,0,0,1,1,0,0,1078,104,40,25,0,0,0,,False,2.8
4404,3,2026-09-24,7,13,True,4296,Peter Quenneville,89,for,True,False,0,1,0,0,3,0,0,0,1134,135,0,24,0,0,0,,False,1.3
4404,3,2026-09-24,7,13,True,2605,Tyler Boland,10,for,True,True,0,0,0,0,2,2,0,0,1203,103,53,29,0,0,0,,False,1.6
4404,3,2026-09-24,7,13,True,83,Andreas Jenike,92,goal,False,False,0,0,0,0,0,0,0,0,0,0,0,0,0,0,0,,False,0.0
4404,3,2026-09-24,7,13,True,998,Hendrik Hane,32,goal,True,True,0,0,0,0,0,0,0,0,0,0,0,0,2,21,3900,NSO,False,1.2
4405,3,2026-09-25,11,3,True,2113,Brady Austin,57,def,True,False,1,0,1,0,3,0,0,0,1315,0,293,27,0,0,0,,False,4.3
4405,3,2026-09-25,11,3,True,4243,Carlos Händel,7,def,True,False,0,0,0,0,0,1,0,0,380,0,0,8,0,0,0,,False,0.7
4405,3,2026-09-25,11,3,True,1694,Jan Luca Sennhenn,17,def,True,False,0,0,-1,2,1,1,0,0,904,0,133,20,0,0,0,,False,-1.2
4405,3,2026-09-25,11,3,True,146,Moritz Müller,91,def,True,False,0,0,-1,0,2,0,0,0,1181,0,362,27,0,0,0,,False,-0.8
4405,3,2026-09-25,11,3,True,4251,Robin Press,94,def,True,False,0,1,1,0,3,0,0,0,1142,112,0,25,0,0,0,,False,2.3
4405,3,2026-09-25,11,3,True,3139,Valtteri Kemiläinen,13,def,True,True,0,0,0,2,4,1,0,0,1328,86,0,29,0,0,0,,False,0.1
4405,3,2026-09-25,11,3,True,3434,Veli-Matti Vittasmäki,47,def,True,True,0,1,0,0,0,1,0,0,1308,0,358,27,0,0,0,,False,1.7
4405,3,2026-09-25,11,3,True,499,Daniel Fischbuch,71,for,True,False,0,0,-1,0,0,0,0,0,645,54,0,17,0,0,0,,False,-1.0
4405,3,2026-09-25,11,3,True,1644,Frederik Storm,19,for,True,False,0,0,1,0,0,0,0,0,544,0,132,11,0,0,0,,False,1.0
4405,3,2026-09-25,11,3,True,1799,Gregor MacLeod,89,for,True,True,0,2,3,0,2,0,0,0,1306,84,5,28,0,0,0,,False,5.2
4405,3,2026-09-25,11,3,True,3432,Juhani Tyrväinen,21,for,True,False,0,0,0,0,0,2,0,0,1013,112,265,26,0,0,0,,False,1.4
4405,3,2026-09-25,11,3,True,1678,Kevin Niedenz,46,for,True,False,0,0,-2,0,1,0,0,0,820,0,0,18,0,0,0,,False,-1.9
4405,3,2026-09-25,11,3,True,507,Marcel Noebels,92,for,True,True,2,1,2,0,3,0,0,0,1182,87,0,26,0,0,0,,False,7.3
4405,3,2026-09-25,11,3,True,3106,Marco Münzenberger,65,for,True,False,0,0,1,2,1,0,0,0,390,0,0,9,0,0,0,,False,0.1
4405,3,2026-09-25,11,3,True,4260,Markus Ljungh,61,for,True,False,0,1,-2,4,1,0,0,0,1116,87,114,28,0,0,0,,False,-2.9
4405,3,2026-09-25,11,3,True,115,Maximilian Kammerer,9,for,True,False,1,0,-1,2,1,0,0,0,764,73,108,20,0,0,0,,False,0.1
4405,3,2026-09-25,11,3,True,3572,Patrick Russell,63,for,True,True,1,2,2,2,5,0,0,0,1278,98,8,26,0,0,0,,False,5.5
4405,3,2026-09-25,11,3,True,2172,Ryan MacInnis,77,for,True,False,0,0,1,0,2,0,0,0,873,0,254,19,0,0,0,,False,1.2
4405,3,2026-09-25,11,3,True,1491,Tim Fleischer,29,for,True,False,0,1,-2,0,3,0,0,0,938,89,125,22,0,0,0,,False,-0.7
4405,3,2026-09-25,11,3,True,516,Felix Brückmann,90,goal,False,False,0,0,0,0,0,0,0,0,0,0,0,0,0,0,0,,False,0.0
4405,3,2026-09-25,11,3,True,4157,Janne Juvonen,30,goal,True,True,0,0,0,0,0,0,0,0,0,0,0,0,5,27,3826,NSO,False,-3.6
4405,3,2026-09-25,3,11,False,3533,Adam Smith,4,def,True,False,0,0,-1,0,2,3,0,0,1015,4,56,24,0,0,0,,False,1.3
4405,3,2026-09-25,3,11,False,4701,Brandon Davidson,44,def,True,False,0,0,-2,0,0,2,0,0,1012,1,85,23,0,0,0,,False,-0.6
4405,3,2026-09-25,3,11,False,1425,Eric Mik,12,def,True,False,0,1,0,0,1,2,0,0,957,0,0,21,0,0,0,,False,2.5
4405,3,2026-09-25,3,11,False,506,Jonas Müller,18,def,True,True,0,1,1,0,2,1,0,0,1584,239,114,34,0,0,0,,False,2.9
4405,3,2026-09-25,3,11,False,512,Kai Wissmann,6,def,True,True,0,1,0,2,1,2,0,0,1616,333,87,32,0,0,0,,False,1.5
4405,3,2026-09-25,3,11,False,1738,Korbinian Geibel,40,def,True,False,0,0,2,0,3,0,0,0,920,0,0,18,0,0,0,,False,2.3
4405,3,2026-09-25,3,11,False,546,Andreas Eder,43,for,True,False,1,0,1,0,5,0,0,0,1071,238,49,26,0,0,0,,False,3.5
4405,3,2026-09-25,3,11,False,2126,Eric Hördler,77,for,True,False,0,0,0,0,0,1,0,0,670,0,77,13,0,0,0,,False,0.7
4405,3,2026-09-25,3,11,False,1402,Frederik Tiffels,95,for,True,True,0,1,0,2,2,0,0,0,1064,293,0,22,0,0,0,,False,0.2
4405,3,2026-09-25,3,11,False,3411,Gabriel Fontaine,97,for,True,False,0,2,2,0,1,1,0,0,1146,146,42,25,0,0,0,,False,4.8
4405,3,2026-09-25,3,11,False,4895,Jean-Luc Foudy,55,for,True,False,2,0,-1,0,1,0,1,0,855,0,0,19,0,0,0,,False,4.1
4405,3,2026-09-25,3,11,False,92,Leonhard Pföderl,93,for,True,False,0,1,1,0,4,0,0,0,1090,332,0,26,0,0,0,,False,2.4
4405,3,2026-09-25,3,11,False,3410,Liam Kirk,94,for,True,True,1,1,0,0,4,1,0,0,1300,348,0,24,0,0,0,,False,4.1
4405,3,2026-09-25,3,11,False,1823,Manuel Wiederer,21,for,True,False,0,0,0,0,1,0,0,0,731,0,81,14,0,0,0,,False,0.1
4405,3,2026-09-25,3,11,False,1796,Markus Vikingstad,37,for,True,False,1,1,-1,2,2,0,0,0,971,209,74,26,0,0,0,,False,1.2
4405,3,2026-09-25,3,11,False,4311,Tobias Krestan,91,for,True,False,0,0,0,0,0,0,0,0,541,0,0,9,0,0,0,,False,0.0
4405,3,2026-09-25,3,11,False,2209,Ty Ronning,9,for,True,True,1,1,0,2,2,0,0,0,1282,364,0,23,0,0,0,,False,2.2
4405,3,2026-09-25,3,11,False,1762,Yannick Veilleux,38,for,True,False,0,0,-2,0,1,1,0,0,943,227,17,21,0,0,0,,False,-1.2
4405,3,2026-09-25,3,11,False,4312,Jack LaFontaine,45,goal,True,True,0,0,0,0,0,0,0,0,0,0,0,0,5,27,3900,SSO,False,-2.6
4405,3,2026-09-25,3,11,False,1069,Jonas Neffin,75,goal,False,False,0,0,0,0,0,0,0,0,0,0,0,0,0,0,0,,False,0.0
4406,3,2026-09-25,14,44,False,3575,Chris Jandric,77,def,True,False,0,0,0,0,2,0,0,0,1086,128,1,23,0,0,0,,False,0.2
4406,3,2026-09-25,14,44,False,4,Constantin Braun,90,def,True,False,0,0,-1,0,0,1,0,0,1157,25,31,24,0,0,0,,False,-0.3
4406,3,2026-09-25,14,44,False,1666,Julius Karrer,6,def,True,False,0,0,1,0,1,1,0,0,965,0,157,21,0,0,0,,False,1.8
4406,3,2026-09-25,14,44,False,100,Marcus Weber,24,def,True,False,0,0,0,0,2,0,0,0,1056,7,103,23,0,0,0,,False,0.2
4406,3,2026-09-25,14,44,False,3445,Owen Headrick,47,def,True,True,0,1,1,0,1,1,0,0,1471,221,222,26,0,0,0,,False,2.8
4406,3,2026-09-25,14,44,False,1072,Ryan Jones,20,def,True,True,0,1,1,5,0,1,0,0,1317,18,217,25,0,0,0,,False,0.2
4406,3,2026-09-25,14,44,False,4349,Austin Magera,19,for,True,False,1,0,1,2,3,0,1,0,955,118,0,22,0,0,0,,False,3.3
4406,3,2026-09-25,14,44,False,2387,Evan Barratt,10,for,True,True,0,0,0,0,0,1,0,0,1016,130,0,22,0,0,0,,False,0.7
4406,3,2026-09-25,14,44,False,3578,Greg Meireles,43,for,True,False,1,1,2,0,3,0,0,0,1112,148,70,21,0,0,0,,False,5.3
4406,3,2026-09-25,14,44,False,4350,Jackson Cates,26,for,True,True,0,0,0,0,3,0,0,0,1083,97,136,23,0,0,0,,False,0.3
4406,3,2026-09-25,14,44,False,1313,Jakob Ustorf,48,for,True,False,0,0,0,0,2,1,0,0,659,0,0,13,0,0,0,,False,0.9
4406,3,2026-09-25,14,44,False,2020,Josef Eham,44,for,True,False,0,0,-1,2,0,1,0,0,605,0,39,11,0,0,0,,False,-1.3
4406,3,2026-09-25,14,44,False,2801,Nikolaus Heigl,15,for,True,False,0,0,1,0,0,2,0,0,772,0,124,17,0,0,0,,False,2.4
4406,3,2026-09-25,14,44,False,4345,Noah Samanski,8,for,True,False,0,0,-1,0,0,1,0,0,456,4,0,10,0,0,0,,False,-0.3
4406,3,2026-09-25,14,44,False,3442,Samuel Dove-McFalls,75,for,True,True,0,0,-1,2,3,1,0,0,1158,97,130,25,0,0,0,,False,-1.0
4406,3,2026-09-25,14,44,False,1863,Thomas Heigl,49,for,True,False,0,0,1,2,1,0,0,0,731,92,68,18,0,0,0,,False,0.1
4406,3,2026-09-25,14,44,False,3577,Timo Bakos,22,for,True,False,0,0,0,0,0,0,0,0,538,0,48,11,0,0,0,,False,0.0
4406,3,2026-09-25,14,44,False,3579,Tyler Spezia,37,for,True,False,0,1,1,2,1,1,0,0,1076,143,72,21,0,0,0,,False,1.8
4406,3,2026-09-25,14,44,False,4347,Luis Janett,35,goal,False,False,0,0,0,0,0,0,0,0,0,0,0,0,0,0,0,,False,0.0
4406,3,2026-09-25,14,44,False,599,Niklas Treutle,31,goal,True,True,0,0,0,0,0,0,0,0,0,0,0,0,1,21,3600,S60,False,5.2
4406,3,2026-09-25,44,14,True,528,Björn Krupp,5,def,True,False,0,0,0,5,0,1,0,0,705,0,23,16,0,0,0,,False,-1.8
4406,3,2026-09-25,44,14,True,3581,Fabio Kose,20,def,True,False,0,0,-1,0,1,1,0,0,608,0,56,14,0,0,0,,False,-0.2
4406,3,2026-09-25,44,14,True,539,Konrad Abeltshauser,16,def,True,False,0,0,-1,0,1,0,0,0,1370,141,146,28,0,0,0,,False,-0.9
4406,3,2026-09-25,44,14,True,2916,Linus Fröberg,71,def,True,True,0,1,1,0,2,0,0,0,1301,130,2,24,0,0,0,,False,2.2
4406,3,2026-09-25,44,14,True,2468,Maksim Matushkin,52,def,True,False,0,0,0,0,1,4,0,0,1276,129,163,27,0,0,0,,False,2.9
4406,3,2026-09-25,44,14,True,3582,Michael Joyaux,49,def,True,True,0,1,0,0,2,0,0,0,1486,224,98,28,0,0,0,,False,1.2
4406,3,2026-09-25,44,14,True,2900,Philipp Bidoul,24,def,True,False,0,0,-1,0,0,1,0,0,266,0,0,6,0,0,0,,False,-0.3
4406,3,2026-09-25,44,14,True,4339,Anthony Romano,29,for,True,True,0,0,0,2,3,0,0,0,1123,185,75,24,0,0,0,,False,-0.7
4406,3,2026-09-25,44,14,True,4340,Austin Wagner,91,for,True,False,0,0,0,0,1,0,0,0,788,0,34,18,0,0,0,,False,0.1
4406,3,2026-09-25,44,14,True,4341,Brandon Biro,10,for,True,True,0,0,-1,0,1,1,0,0,1257,236,89,24,0,0,0,,False,-0.2
4406,3,2026-09-25,44,14,True,2463,Cameron Brace,86,for,True,False,0,0,0,0,2,0,0,0,920,148,1,21,0,0,0,,False,0.2
4406,3,2026-09-25,44,14,True,1397,Daniel Pfaffengut,77,for,True,False,1,0,0,2,3,0,0,0,1133,146,67,23,0,0,0,,False,1.3
4406,3,2026-09-25,44,14,True,3430,Eric Jonathan Uba,18,for,True,False,0,0,-1,0,2,0,0,0,1006,200,54,24,0,0,0,,False,-0.8
4406,3,2026-09-25,44,14,True,2473,Markus Schweiger,64,for,True,False,0,0,0,0,1,0,0,0,740,0,89,17,0,0,0,,False,0.1
4406,3,2026-09-25,44,14,True,3585,Matthew Wedman,67,for,True,False,0,0,0,6,0,0,0,0,1007,192,43,24,0,0,0,,False,-3.0
4406,3,2026-09-25,44,14,True,2367,Noah Dunham,12,for,True,False,0,0,0,0,2,0,0,0,491,1,0,11,0,0,0,,False,0.2
4406,3,2026-09-25,44,14,True,1677,Robin van Calster,19,for,True,False,0,0,-1,0,0,0,0,0,368,0,0,9,0,0,0,,False,-1.0
4406,3,2026-09-25,44,14,True,3580,Timo Kose,22,for,True,False,0,0,0,0,0,0,0,0,570,0,0,11,0,0,0,,False,0.0
4406,3,2026-09-25,44,14,True,4148,Ty Glover,7,for,True,True,0,0,0,0,0,0,0,0,1039,49,35,21,0,0,0,,False,0.0
4406,3,2026-09-25,44,14,True,1088,Cody Brenner,51,goal,True,True,0,0,0,0,0,0,0,0,0,0,0,0,2,20,3465,N60,False,0.0
4406,3,2026-09-25,44,14,True,1825,Nico Pertuch,1,goal,False,False,0,0,0,0,0,0,0,0,0,0,0,0,0,0,0,,False,0.0
4407,3,2026-09-25,2,5,True,3563,Dan Renouf,4,def,True,True,0,0,1,2,0,0,0,0,1096,0,222,24,0,0,0,,False,0.0
4407,3,2026-09-25,2,5,True,2489,John Gilmour,7,def,True,False,0,0,0,0,3,0,0,0,1207,166,25,25,0,0,0,,False,0.3
4407,3,2026-09-25,2,5,True,4333,Jérémie Poirier,54,def,True,False,1,0,1,2,1,1,1,0,1042,0,80,23,0,0,0,,False,4.8
4407,3,2026-09-25,2,5,True,1611,Leon Gawanke,9,def,True,False,0,2,2,0,4,0,0,0,1225,150,25,24,0,0,0,,False,4.4
4407,3,2026-09-25,2,5,True,2411,Nicolas Mattinen,52,def,True,True,0,0,2,2,1,4,0,0,1381,171,171,28,0,0,0,,False,3.9
4407,3,2026-09-25,2,5,True,3428,Tobias Fohrler,5,def,True,False,0,0,0,0,1,2,0,0,1024,0,108,23,0,0,0,,False,1.5
4407,3,2026-09-25,2,5,True,1525,Alexander Ehl,28,for,True,True,0,0,0,0,1,0,0,0,791,0,60,18,0,0,0,,False,0.1
4407,3,2026-09-25,2,5,True,3567,Anthony Greco,44,for,True,False,2,0,2,0,3,0,0,0,922,154,106,21,0,0,0,,False,6.3
4407,3,2026-09-25,2,5,True,554,Brooks Macek,13,for,True,False,0,1,1,0,3,0,0,0,834,157,0,15,0,0,0,,False,2.3
4407,3,2026-09-25,2,5,True,1404,Justin Schütz,74,for,True,False,0,1,1,0,2,0,0,0,853,158,0,16,0,0,0,,False,2.2
4407,3,2026-09-25,2,5,True,2501,Kris Bennett,21,for,True,False,0,0,0,0,3,0,0,0,509,0,101,13,0,0,0,,False,0.3
4407,3,2026-09-25,2,5,True,3429,Kristian Reichel,11,for,True,False,0,2,2,2,0,1,0,0,939,0,96,19,0,0,0,,False,3.7
4407,3,2026-09-25,2,5,True,1856,Lennard Nieleck,72,for,True,False,0,0,0,0,2,1,0,0,450,0,0,7,0,0,0,,False,0.9
4407,3,2026-09-25,2,5,True,487,Matthias Plachta,22,for,True,False,0,2,2,0,1,2,0,0,1114,157,18,21,0,0,0,,False,5.5
4407,3,2026-09-25,2,5,True,3562,Max Calce,39,for,True,True,0,0,0,0,1,1,0,0,849,124,0,18,0,0,0,,False,0.8
4407,3,2026-09-25,2,5,True,2125,Maximilian Heim,86,for,True,False,0,0,0,0,2,0,0,0,559,0,0,11,0,0,0,,False,0.2
4407,3,2026-09-25,2,5,True,4332,Patrick Brown,38,for,True,False,1,0,1,0,5,0,0,0,1071,182,184,19,0,0,0,,False,3.5
4407,3,2026-09-25,2,5,True,2504,Tom Kühnhackl,34,for,True,True,0,0,0,0,0,0,0,0,758,0,65,19,0,0,0,,False,0.0
4407,3,2026-09-25,2,5,True,3565,Zachary Solow,73,for,True,False,0,0,0,0,0,1,0,0,806,160,0,16,0,0,0,,False,0.7
4407,3,2026-09-25,2,5,True,1985,Jake Hildebrand,30,goal,False,False,0,0,0,0,0,0,0,0,0,0,0,0,0,0,0,,False,0.0
4407,3,2026-09-25,2,5,True,500,Maximilian Franzreb,56,goal,True,True,0,0,0,0,0,0,0,0,0,0,0,0,1,28,3600,S60,False,6.6
4407,3,2026-09-25,5,2,False,1987,Davis Vandane,55,def,True,True,0,1,0,0,6,1,0,0,1460,177,226,29,0,0,0,,False,2.3
4407,3,2026-09-25,5,2,False,2491,Maxwell Gildon,8,def,True,False,0,0,0,2,1,0,0,0,1019,0,45,24,0,0,0,,False,-0.9
4407,3,2026-09-25,5,2,False,928,Mick Köhler,77,def,True,False,0,0,-2,0,1,1,0,0,960,0,79,22,0,0,0,,False,-1.2
4407,3,2026-09-25,5,2,False,88,Oliver Mebus,22,def,True,False,0,0,0,0,0,3,0,0,892,0,11,21,0,0,0,,False,2.1
4407,3,2026-09-25,5,2,False,4343,Stuart Percy,93,def,True,True,0,1,-1,0,3,5,0,0,1418,153,195,29,0,0,0,,False,3.8
4407,3,2026-09-25,5,2,False,3931,Zack Dybowski,44,def,True,False,0,0,-2,0,2,0,0,0,1054,0,74,24,0,0,0,,False,-1.8
4407,3,2026-09-25,5,2,False,1350,Adam Payerl,90,for,True,False,0,0,-1,0,1,3,0,0,1047,148,179,21,0,0,0,,False,1.2
4407,3,2026-09-25,5,2,False,537,Alexander Weiß,43,for,True,False,0,0,-2,0,2,2,0,0,623,0,10,15,0,0,0,,False,-0.4
4407,3,2026-09-25,5,2,False,3600,C.J. Suess,27,for,True,False,1,0,0,0,2,1,0,0,1114,184,93,22,0,0,0,,False,2.9
4407,3,2026-09-25,5,2,False,1731,Luca Hauf,85,for,True,False,0,0,0,0,0,0,0,0,461,0,0,11,0,0,0,,False,0.0
4407,3,2026-09-25,5,2,False,882,Marcel Müller,9,for,True,False,0,0,0,0,2,0,0,0,840,144,0,20,0,0,0,,False,0.2
4407,3,2026-09-25,5,2,False,3950,Mathew Santos,95,for,True,True,0,0,-2,2,2,0,0,0,1108,165,24,21,0,0,0,,False,-2.8
4407,3,2026-09-25,5,2,False,2935,Max Newton,37,for,True,True,0,0,-2,0,2,1,0,0,1138,164,26,23,0,0,0,,False,-1.1
4407,3,2026-09-25,5,2,False,931,Philip Gogulla,87,for,True,True,0,0,-2,0,2,0,0,0,947,132,0,21,0,0,0,,False,-1.8
4407,3,2026-09-25,5,2,False,4498,Roope Mäkitalo,91,for,True,False,0,0,0,0,1,1,0,0,1111,154,173,25,0,0,0,,False,0.8
4407,3,2026-09-25,5,2,False,4140,Tanner Kero,16,for,True,False,0,0,-2,0,2,0,0,0,931,159,71,23,0,0,0,,False,-1.8
4407,3,2026-09-25,5,2,False,2945,Tim Schütz,38,for,True,False,0,0,0,0,0,0,0,0,497,0,0,10,0,0,0,,False,0.0
4407,3,2026-09-25,5,2,False,1674,Yannick Proske,71,for,True,False,0,0,-1,2,0,1,0,0,825,0,50,16,0,0,0,,False,-1.3
4407,3,2026-09-25,5,2,False,102,Felix Bick,31,goal,False,False,0,0,0,0,0,0,0,0,0,0,0,0,0,0,0,,False,0.0
4407,3,2026-09-25,5,2,False,4342,Juha Jatkola,32,goal,True,True,0,0,0,0,0,0,0,0,0,0,0,0,2,29,3572,N60,False,1.8
4408,3,2026-09-25,12,9,False,4327,Lukas Klok,3,def,True,False,0,0,2,2,2,0,0,0,1231,0,244,25,0,0,0,,False,1.2
4408,3,2026-09-25,12,9,False,1168,Maximilian Daubner,70,def,True,False,0,0,1,0,2,0,0,0,653,0,40,15,0,0,0,,False,1.2
4408,3,2026-09-25,12,9,False,551,Maximilian Kastner,93,def,True,True,0,0,-1,2,1,0,0,0,1036,0,140,24,0,0,0,,False,-1.9
4408,3,2026-09-25,12,9,False,3309,Moritz Warnecke,9,def,True,False,0,1,0,0,1,1,0,0,506,0,8,12,0,0,0,,False,1.8
4408,3,2026-09-25,12,9,False,3557,Ryan Murphy,24,def,True,False,0,0,1,0,2,0,0,0,1151,82,44,22,0,0,0,,False,1.2
4408,3,2026-09-25,12,9,False,4328,Trevor Carrick,44,def,True,False,0,0,0,0,2,0,0,0,1331,183,294,25,0,0,0,,False,0.2
4408,3,2026-09-25,12,9,False,4142,Ville Pokka,22,def,True,True,0,0,-1,0,0,0,0,0,1002,0,183,23,0,0,0,,False,-1.0
4408,3,2026-09-25,12,9,False,3556,Brady Ferguson,12,for,True,False,0,0,-1,0,3,1,0,0,954,0,122,20,0,0,0,,False,0.0
4408,3,2026-09-25,12,9,False,550,Dominik Kahun,21,for,True,True,0,0,0,0,3,0,0,0,1093,173,134,25,0,0,0,,False,0.3
4408,3,2026-09-25,12,9,False,2174,Elis Hede,10,for,True,False,0,0,-1,0,0,1,0,0,642,0,0,15,0,0,0,,False,-0.3
4408,3,2026-09-25,12,9,False,3446,Jeremy McKenna,91,for,True,True,1,0,0,0,2,0,0,0,935,164,0,22,0,0,0,,False,2.2
4408,3,2026-09-25,12,9,False,4329,Lucas Thaler,48,for,True,False,1,1,2,4,2,1,1,0,994,67,81,24,0,0,0,,False,4.9
4408,3,2026-09-25,12,9,False,1364,Markus Eisenschmid,11,for,True,False,0,1,1,0,0,1,0,0,1002,194,120,22,0,0,0,,False,2.7
4408,3,2026-09-25,12,9,False,139,Patrick Hager,52,for,True,False,1,0,0,2,2,1,0,0,795,97,121,19,0,0,0,,False,1.9
4408,3,2026-09-25,12,9,False,3426,Taro Hirose,17,for,True,False,0,2,1,0,5,0,0,0,984,89,15,24,0,0,0,,False,3.5
4408,3,2026-09-25,12,9,False,3275,Tobias Rieder,8,for,True,False,1,2,2,0,3,0,0,0,975,89,98,23,0,0,0,,False,6.3
4408,3,2026-09-25,12,9,False,2117,Veit Oswald,27,for,True,False,0,0,-1,0,3,0,0,0,845,0,120,22,0,0,0,,False,-0.7
4408,3,2026-09-25,12,9,False,80,Yasin Ehliz,42,for,True,True,0,1,0,0,2,0,0,0,1229,174,139,26,0,0,0,,False,1.2
4408,3,2026-09-25,12,9,False,4154,Antoine Bibeau,30,goal,False,False,0,0,0,0,0,0,0,0,0,0,0,0,0,0,0,,False,0.0
4408,3,2026-09-25,12,9,False,122,Mathias Niederberger,35,goal,True,True,0,0,0,0,0,0,0,0,0,0,0,0,1,29,3600,S60,False,6.8
4408,3,2026-09-25,9,12,True,4149,Akito Hirose,2,def,True,False,0,0,-2,0,3,0,0,0,1346,257,130,24,0,0,0,,False,-1.7
4408,3,2026-09-25,9,12,True,2384,Ludwig Byström,17,def,True,True,0,0,1,0,3,1,0,0,1284,199,156,27,0,0,0,,False,2.0
4408,3,2026-09-25,9,12,True,1790,Maxim Rausch,53,def,True,False,0,1,1,0,0,1,0,0,846,0,46,20,0,0,0,,False,2.7
4408,3,2026-09-25,9,12,True,1339,Phillip Bruggisser,72,def,True,False,0,0,-2,2,3,0,0,0,1242,190,8,24,0,0,0,,False,-2.7
4408,3,2026-09-25,9,12,True,2191,Rayan Bettahar,15,def,True,False,0,0,0,0,0,2,0,0,1143,21,127,23,0,0,0,,False,1.4
4408,3,2026-09-25,9,12,True,1564,Vladimir Eminger,22,def,True,True,0,0,0,2,1,0,0,0,1008,0,55,25,0,0,0,,False,-0.9
4408,3,2026-09-25,9,12,True,4308,Alexander Broadhurst,25,for,True,False,0,0,0,0,3,0,0,0,1028,278,0,23,0,0,0,,False,0.3
4408,3,2026-09-25,9,12,True,1346,Alexander Friesen,57,for,True,False,0,0,0,0,0,0,0,0,684,13,0,18,0,0,0,,False,0.0
4408,3,2026-09-25,9,12,True,2689,Andy Miele,51,for,True,True,0,0,-2,2,0,0,0,0,1070,213,155,23,0,0,0,,False,-3.0
4408,3,2026-09-25,9,12,True,4171,C.J. Smith,19,for,True,True,0,0,-2,0,1,0,0,0,922,218,0,20,0,0,0,,False,-1.9
4408,3,2026-09-25,9,12,True,1795,Christian Wejse,65,for,True,False,0,1,1,0,2,1,0,0,989,259,33,22,0,0,0,,False,2.9
4408,3,2026-09-25,9,12,True,4307,Florian Reinwald,83,for,True,False,0,0,0,0,0,0,0,0,417,0,0,12,0,0,0,,False,0.0
4408,3,2026-09-25,9,12,True,1585,Max Görtz,23,for,True,False,1,0,1,2,7,0,0,0,920,167,33,20,0,0,0,,False,2.7
4408,3,2026-09-25,9,12,True,1347,Miha Verlic,91,for,True,False,0,0,0,0,1,0,0,0,1111,273,84,25,0,0,0,,False,0.1
4408,3,2026-09-25,9,12,True,143,Nicolas Krämmer,21,for,True,True,0,0,-2,0,0,0,0,0,820,12,123,22,0,0,0,,False,-2.0
4408,3,2026-09-25,9,12,True,1430,Nino Kinder,8,for,True,False,0,0,0,0,3,0,0,0,785,14,93,20,0,0,0,,False,0.3
4408,3,2026-09-25,9,12,True,1615,Parker Tuomie,6,for,True,False,0,0,0,0,3,1,0,0,1092,248,0,24,0,0,0,,False,1.0
4408,3,2026-09-25,9,12,True,1704,Roman Kechter,10,for,True,False,0,0,1,0,0,3,0,0,847,23,0,17,0,0,0,,False,3.1
4408,3,2026-09-25,9,12,True,3546,Christopher Strasen,34,goal,False,False,0,0,0,0,0,0,0,0,0,0,0,0,0,0,0,,False,0.0
4408,3,2026-09-25,9,12,True,1547,Kristers Gudlevskis,30,goal,True,True,0,0,0,2,0,0,0,0,0,0,0,0,4,31,3600,N60,False,-2.8
4408,3,2026-09-25,9,12,True,1451,Leon Hungerecker,27,goal,False,False,0,0,0,0,0,0,0,0,0,0,0,0,0,0,0,,False,0.0
4409,3,2026-09-25,1,6,False,2874,Alex Breton,75,def,True,False,0,0,-1,0,0,1,0,0,1288,248,53,26,0,0,0,,False,-0.3
4409,3,2026-09-25,1,6,False,2131,Edwin Tropmann,55,def,True,False,0,0,0,0,0,1,0,0,459,0,11,12,0,0,0,,False,0.7
4409,3,2026-09-25,1,6,False,4331,Emil Kvernmo Wasenden,14,def,True,True,0,1,0,0,1,1,0,0,1021,47,52,27,0,0,0,,False,1.8
4409,3,2026-09-25,1,6,False,1750,Leon Hüttl,25,def,True,True,0,0,0,0,3,2,0,0,1225,238,96,34,0,0,0,,False,1.7
4409,3,2026-09-25,1,6,False,1328,Morgan Ellis,4,def,True,False,0,0,-1,5,0,3,0,0,1111,0,106,24,0,0,0,,False,-1.4
4409,3,2026-09-25,1,6,False,1580,Nicolas Appendino,21,def,True,False,0,0,-1,0,1,0,0,0,713,92,0,18,0,0,0,,False,-0.9
4409,3,2026-09-25,1,6,False,2868,Sam Ruopp,2,def,True,False,0,0,-2,0,0,3,0,0,823,82,98,20,0,0,0,,False,0.1
4409,3,2026-09-25,1,6,False,2881,Abbott Girduckis,17,for,True,False,0,0,-2,0,2,0,0,0,1050,228,102,27,0,0,0,,False,-1.8
4409,3,2026-09-25,1,6,False,2888,Austen Keating,89,for,True,True,0,0,0,0,2,0,0,0,978,272,25,25,0,0,0,,False,0.2
4409,3,2026-09-25,1,6,False,252,Daniel Pietta,86,for,True,True,0,0,-2,2,0,2,0,0,827,19,55,25,0,0,0,,False,-1.6
4409,3,2026-09-25,1,6,False,442,Daniel Schmölz,92,for,True,False,1,0,0,0,4,0,0,0,1121,245,0,25,0,0,0,,False,2.4
4409,3,2026-09-25,1,6,False,4330,Elias Pul,8,for,True,False,0,0,-1,0,1,1,0,0,448,0,11,11,0,0,0,,False,-0.2
4409,3,2026-09-25,1,6,False,2813,Kenny Agostino,11,for,True,False,0,0,-3,30,2,0,0,0,1132,262,67,26,0,0,0,,False,-17.8
4409,3,2026-09-25,1,6,False,2877,Myles Powell,9,for,True,False,0,0,-2,0,2,2,0,0,1189,275,25,27,0,0,0,,False,-0.4
4409,3,2026-09-25,1,6,False,2202,Nicolas Schindler,44,for,True,False,0,0,0,0,0,0,0,0,229,0,0,7,0,0,0,,False,0.0
4409,3,2026-09-25,1,6,False,3307,Paul Vinzens,24,for,True,False,0,0,-1,0,1,0,0,0,401,0,11,10,0,0,0,,False,-0.9
4409,3,2026-09-25,1,6,False,3704,Peter Abbandonato,98,for,True,False,0,1,0,0,2,0,0,0,1252,282,76,29,0,0,0,,False,1.2
4409,3,2026-09-25,1,6,False,3576,Riley Barber,37,for,True,False,0,0,0,2,4,0,0,0,1258,256,45,26,0,0,0,,False,-0.6
4409,3,2026-09-25,1,6,False,1785,Riley Sheen,91,for,True,True,0,0,-1,0,1,0,0,0,896,207,0,22,0,0,0,,False,-0.9
4409,3,2026-09-25,1,6,False,2351,Devin Williams,31,goal,False,False,0,0,0,0,0,0,0,0,0,0,0,0,0,0,0,,False,0.0
4409,3,2026-09-25,1,6,False,1459,Jonas Stettmer,1,goal,True,True,0,0,0,0,0,0,0,0,0,0,0,0,2,39,3578,N60,False,3.8
4409,3,2026-09-25,6,1,True,1663,Adrian Klein,17,def,True,False,0,0,-1,0,1,0,0,0,979,0,346,22,0,0,0,,False,-0.9
4409,3,2026-09-25,6,1,True,3418,Alex Green,6,def,True,True,0,0,2,7,0,2,0,0,1071,0,205,25,0,0,0,,False,-0.1
4409,3,2026-09-25,6,1,True,4315,Joseph Duszak,12,def,True,False,0,1,0,0,1,2,0,0,1057,133,85,24,0,0,0,,False,2.5
4409,3,2026-09-25,6,1,True,104,Marcel Brandt,92,def,True,False,0,1,2,0,4,1,0,0,1267,94,103,23,0,0,0,,False,4.1
4409,3,2026-09-25,6,1,True,1811,Mario Zimmermann,13,def,True,False,0,0,1,0,1,1,0,0,898,0,38,17,0,0,0,,False,1.8
4409,3,2026-09-25,6,1,True,4314,Max Bleicher,44,def,True,False,0,0,0,0,0,0,0,0,123,0,0,5,0,0,0,,False,0.0
4409,3,2026-09-25,6,1,True,3549,Nicolas Beaudin,7,def,True,True,0,1,2,7,3,1,0,0,1035,87,146,24,0,0,0,,False,0.5
4409,3,2026-09-25,6,1,True,107,Stephan Daschner,9,def,True,False,0,0,0,0,1,1,0,0,604,0,149,13,0,0,0,,False,0.8
4409,3,2026-09-25,6,1,True,1540,Filip Varejcka,90,for,True,False,0,1,1,0,2,1,0,0,1121,106,190,22,0,0,0,,False,2.9
4409,3,2026-09-25,6,1,True,4318,Jamieson Rees,94,for,True,False,1,0,1,2,3,0,0,0,1293,107,140,27,0,0,0,,False,2.3
4409,3,2026-09-25,6,1,True,2121,Jean-Christophe Beaudin,23,for,True,False,1,0,2,0,2,0,0,0,1095,114,109,25,0,0,0,,False,4.2
4409,3,2026-09-25,6,1,True,2420,Linus Brandl,73,for,True,False,0,0,0,0,1,0,0,0,494,0,231,12,0,0,0,,False,0.1
4409,3,2026-09-25,6,1,True,3550,Nicholas Halloran,71,for,True,False,0,1,1,0,3,0,0,0,1023,99,85,25,0,0,0,,False,2.3
4409,3,2026-09-25,6,1,True,3072,Simon Seidl,39,for,True,False,0,0,0,0,0,0,0,0,218,0,0,6,0,0,0,,False,0.0
4409,3,2026-09-25,6,1,True,2028,Skyler McKenzie,86,for,True,True,1,0,1,0,5,1,1,0,776,0,96,19,0,0,0,,False,5.2
4409,3,2026-09-25,6,1,True,4316,Spencer Kersten,93,for,True,False,1,0,1,0,4,1,0,0,1161,102,44,20,0,0,0,,False,4.1
4409,3,2026-09-25,6,1,True,59,Stefan Loibl,38,for,True,True,0,1,1,0,7,1,0,0,1063,112,175,22,0,0,0,,False,3.4
4409,3,2026-09-25,6,1,True,1476,Tim Brunnhuber,19,for,True,True,0,1,1,0,1,1,0,0,1034,0,207,23,0,0,0,,False,2.8
4409,3,2026-09-25,6,1,True,3551,Tyler Madden,18,for,True,False,0,0,0,2,4,0,0,0,1003,101,85,21,0,0,0,,False,-0.6
4409,3,2026-09-25,6,1,True,1904,Florian Bugl,1,goal,False,False,0,0,0,0,0,0,0,0,0,0,0,0,0,0,0,,False,0.0
4409,3,2026-09-25,6,1,True,4319,Jakub Skarek,31,goal,True,True,0,0,0,0,0,0,0,0,0,0,0,0,1,25,3600,S60,False,6.0
4409,3,2026-09-25,6,1,True,3548,Sebastian Wieber,21,goal,False,False,0,0,0,0,0,0,0,0,0,0,0,0,0,0,0,,False,0.0
4410,3,2026-09-25,15,8,False,426,Alex Trivellato,53,def,True,False,0,1,0,0,0,0,0,0,711,0,116,16,0,0,0,,False,1.0
4410,3,2026-09-25,15,8,False,4335,Alexander Peters,6,def,True,True,0,0,0,0,2,1,0,0,1315,46,98,29,0,0,0,,False,0.9
4410,3,2026-09-25,15,8,False,3167,Bode Wilde,4,def,True,False,0,0,0,0,2,1,0,0,1133,97,25,22,0,0,0,,False,0.9
4410,3,2026-09-25,15,8,False,478,Dominik Bittner,7,def,True,True,0,0,1,0,2,0,0,0,810,0,49,22,0,0,0,,False,1.2
4410,3,2026-09-25,15,8,False,3560,Eric Martinsson,46,def,True,False,0,1,-1,2,2,1,0,0,1213,246,0,25,0,0,0,,False,-0.1
4410,3,2026-09-25,15,8,False,1887,Niklas Hübner,72,def,True,False,0,0,0,0,0,0,0,0,13,0,0,1,0,0,0,,False,0.0
4410,3,2026-09-25,15,8,False,2835,Thomas Schemitsch,62,def,True,False,0,1,1,0,0,1,0,0,1156,13,52,24,0,0,0,,False,2.7
4410,3,2026-09-25,15,8,False,1343,William Weber,78,def,True,False,0,0,0,0,1,1,0,0,932,0,134,20,0,0,0,,False,0.8
4410,3,2026-09-25,15,8,False,1435,Austin Ortega,8,for,True,False,1,1,2,0,7,0,0,0,1203,270,0,23,0,0,0,,False,5.7
4410,3,2026-09-25,15,8,False,1382,Boaz Bassen,64,for,True,False,0,0,0,0,0,1,0,0,893,0,128,20,0,0,0,,False,0.7
4410,3,2026-09-25,15,8,False,4337,Curtis Valk,14,for,True,True,0,0,-1,0,2,1,0,0,1202,97,59,25,0,0,0,,False,-0.1
4410,3,2026-09-25,15,8,False,1665,Eric Cornel,18,for,True,False,1,2,3,0,5,2,0,0,1150,247,45,27,0,0,0,,False,8.9
4410,3,2026-09-25,15,8,False,1684,Håkon Hänelt,19,for,True,False,0,0,-1,0,2,0,0,0,860,38,0,20,0,0,0,,False,-0.8
4410,3,2026-09-25,15,8,False,2238,Kyle Platzer,88,for,True,False,0,0,-1,0,1,0,0,0,1246,46,89,28,0,0,0,,False,-0.9
4410,3,2026-09-25,15,8,False,27,Mirko Höfflin,10,for,True,True,1,0,0,0,3,0,1,0,1126,206,95,24,0,0,0,,False,3.3
4410,3,2026-09-25,15,8,False,1850,Philip Feist,9,for,True,False,0,0,-1,0,0,0,0,0,881,13,0,21,0,0,0,,False,-1.0
4410,3,2026-09-25,15,8,False,4336,Reed Lebster,23,for,True,True,0,0,-1,0,2,1,0,0,1033,113,57,22,0,0,0,,False,-0.1
4410,3,2026-09-25,15,8,False,597,Sebastian Uvira,93,for,True,False,1,1,2,0,4,0,0,0,1064,231,0,22,0,0,0,,False,5.4
4410,3,2026-09-25,15,8,False,3323,Vadim Schreiner,13,for,True,False,0,0,0,0,0,0,0,0,564,0,0,11,0,0,0,,False,0.0
4410,3,2026-09-25,15,8,False,1594,Joacim Eriksson,60,goal,True,True,0,0,0,2,0,0,0,0,0,0,0,0,3,20,3852,SOT,False,-1.0
4410,3,2026-09-25,15,8,False,3424,Simon Wolf,35,goal,False,False,0,0,0,0,0,0,0,0,0,0,0,0,0,0,0,,False,0.0
4410,3,2026-09-25,8,15,True,531,Fabio Pfohl,95,def,True,False,0,0,-1,0,2,0,0,0,1057,0,0,18,0,0,0,,False,-0.8
4410,3,2026-09-25,8,15,True,1587,Julian Melchiori,44,def,True,True,0,0,-1,0,2,4,0,0,1381,0,283,29,0,0,0,,False,2.0
4410,3,2026-09-25,8,15,True,2834,Keaton Thompson,4,def,True,False,0,0,0,0,0,3,0,0,1238,4,158,26,0,0,0,,False,2.1
4410,3,2026-09-25,8,15,True,1681,Leo Hafenrichter,29,def,True,False,0,0,-1,0,0,0,0,0,208,0,0,6,0,0,0,,False,-1.0
4410,3,2026-09-25,8,15,True,2833,Lester Lancaster,74,def,True,True,0,0,1,0,4,0,0,0,1406,103,161,27,0,0,0,,False,1.4
4410,3,2026-09-25,8,15,True,3597,Madison Bowey,22,def,True,False,0,0,0,2,1,1,0,0,1137,131,39,23,0,0,0,,False,-0.2
4410,3,2026-09-25,8,15,True,3584,Tommy Pasanen,16,def,True,False,1,0,0,0,2,2,0,0,883,0,36,19,0,0,0,,False,4.6
4410,3,2026-09-25,8,15,True,3476,Dustin Willhöft,19,for,True,False,0,0,1,0,0,0,0,0,849,0,0,18,0,0,0,,False,1.0
4410,3,2026-09-25,8,15,True,3128,Julius Ramoser,50,for,True,False,0,0,1,0,0,0,0,0,252,0,0,7,0,0,0,,False,1.0
4410,3,2026-09-25,8,15,True,885,Justin Feser,71,for,True,False,0,1,1,0,0,0,0,0,1231,106,228,26,0,0,0,,False,2.0
4410,3,2026-09-25,8,15,True,1755,Luis Schinko,63,for,True,False,0,0,-2,0,3,0,0,0,1289,133,31,24,0,0,0,,False,-1.7
4410,3,2026-09-25,8,15,True,3554,Matt Choupani,89,for,True,False,2,0,2,0,2,0,0,0,756,106,0,18,0,0,0,,False,6.2
4410,3,2026-09-25,8,15,True,3555,Robert Lynch,49,for,True,True,0,1,-1,0,1,1,0,0,1226,105,0,23,0,0,0,,False,0.8
4410,3,2026-09-25,8,15,True,3122,Robin Veber,25,for,True,False,0,1,1,0,0,0,0,0,234,0,0,7,0,0,0,,False,2.0
4410,3,2026-09-25,8,15,True,595,Ross Mauermann,28,for,True,True,0,0,0,0,2,0,0,0,941,134,0,19,0,0,0,,False,0.2
4410,3,2026-09-25,8,15,True,513,Sven Ziegler,52,for,True,False,0,0,0,2,0,1,0,0,433,0,0,12,0,0,0,,False,-0.3
4410,3,2026-09-25,8,15,True,1846,Tyler Gaudet,58,for,True,True,0,1,0,0,0,1,0,0,1375,131,190,25,0,0,0,,False,1.7
4410,3,2026-09-25,8,15,True,2122,Tyler Morley,86,for,True,False,0,0,-2,0,1,1,0,0,1337,107,165,25,0,0,0,,False,-1.2
4410,3,2026-09-25,8,15,True,3443,William Graber,82,for,True,False,0,0,-2,2,3,1,0,0,1167,132,14,23,0,0,0,,False,-2.0
4410,3,2026-09-25,8,15,True,416,Dustin Strahlmeier,1,goal,False,False,0,0,0,0,0,0,0,0,0,0,0,0,0,0,0,,False,0.0
4410,3,2026-09-25,8,15,True,157,Hannibal Weitzmann,67,goal,True,True,0,0,0,0,0,0,0,0,0,0,0,0,4,31,3852,NOT,False,-0.8
